Date,True,dLinear,TimesNet,True Prod,Prod
2023-08-08 00:00:00,6.6072664,6.491362,6.494065,0.04177486,0.9425082
2023-08-08 01:00:00,4.98305,6.6828976,6.53099,1.540525,2.3273296
2023-08-08 02:00:00,6.6858997,6.7702436,6.680099,1.0801499,3.7799156
2023-08-08 03:00:00,6.0984836,6.5510697,6.2633576,3.617025,5.683521
2023-08-08 04:00:00,6.2208,6.388009,5.8410974,3.0629253,5.405559
2023-08-08 05:00:00,6.57275,6.057906,5.930418,2.7226753,5.6465435
2023-08-08 06:00:00,6.58025,6.1021104,5.9274836,6.93115,5.110242
2023-08-08 07:00:00,4.8617997,6.4439416,6.063154,10.282849,4.164009
2023-08-08 08:00:00,6.5937166,6.7727485,6.166254,4.4484253,2.9268649
2023-08-08 09:00:00,6.4977,7.12636,6.3447328,1.1215005,2.0185375
2023-08-08 10:00:00,6.9824753,7.8253207,7.2877417,0.10897506,1.3580991
2023-08-08 11:00:00,8.7782755,8.379343,7.9695277,1.1711498,4.0272565
2023-08-08 12:00:00,8.416533,8.637789,7.842299,11.782576,9.994299
2023-08-08 13:00:00,8.809234,8.612797,8.16327,20.229324,20.758858
2023-08-08 14:00:00,8.201934,8.603734,8.099675,23.130875,20.06205
2023-08-08 15:00:00,8.161875,8.637573,8.401867,23.153824,20.875145
2023-08-08 16:00:00,8.723833,8.733868,8.559214,21.84495,21.666239
2023-08-08 17:00:00,8.784425,8.874443,8.55675,17.466,21.598816
2023-08-08 18:00:00,8.785049,8.880691,8.087333,10.3203,15.592881
2023-08-08 19:00:00,8.97075,8.590551,7.6765795,2.8558755,4.5024137
2023-08-08 20:00:00,8.4652405,8.407096,7.667062,0.12177487,1.0489038
2023-08-08 21:00:00,8.8992,8.045166,7.5148773,1.1748247,4.676571
2023-08-08 22:00:00,8.797174,7.424489,6.6940846,11.793625,17.562162
2023-08-08 23:00:00,8.9369,7.095509,6.419131,19.9802,24.61729
2023-08-08 23:00:00,8.9369,8.101291,7.1542606,22.727427,21.32179
2023-08-09 00:00:00,7.948575,7.9031005,6.5826993,23.60885,21.684175
2023-08-09 01:00:00,6.5706334,7.889633,6.675413,22.125824,20.406961
2023-08-09 02:00:00,6.1530333,7.8347187,6.682281,17.970625,16.684053
2023-08-09 03:00:00,6.0063334,7.732657,6.5990715,10.718675,9.8146
2023-08-09 04:00:00,6.521633,7.4087973,6.71621,2.58135,3.227889
2023-08-09 05:00:00,6.6852665,7.290623,6.554859,0.03232564,0.683184
2023-08-09 06:00:00,6.4468665,7.2003956,6.148928,0.14019966,0.940561
2023-08-09 07:00:00,6.5913997,7.274697,6.1616087,1.2291744,1.5114565
2023-08-09 08:00:00,6.4776,7.2226515,6.2974873,7.99175,4.212346
2023-08-09 09:00:00,6.7758503,7.296468,6.8268585,6.5439253,5.7253704
2023-08-09 10:00:00,7.9999247,7.6149545,7.703963,14.083224,5.941264
2023-08-09 11:00:00,8.718566,8.109466,8.381169,11.145901,6.0685844
2023-08-09 12:00:00,8.191433,8.4457855,8.667829,8.252325,5.98593
2023-08-09 13:00:00,8.55085,8.530271,8.836508,6.7317247,5.3824553
2023-08-09 14:00:00,8.778026,8.404308,8.839782,1.3438989,3.7199917
2023-08-09 15:00:00,8.8652,8.4952545,8.826223,0.9330502,1.6985737
2023-08-09 16:00:00,8.9395,8.710646,9.132742,0.031024862,0.6851352
2023-08-09 17:00:00,8.1246805,8.889574,9.057781,0.12657565,1.3216206
2023-08-09 18:00:00,8.849366,8.949376,9.239429,1.3172749,4.8245554
2023-08-09 19:00:00,8.7474,8.987527,9.091723,9.050325,16.548758
2023-08-09 20:00:00,8.92345,8.96114,8.86879,14.081076,19.255802
2023-08-09 21:00:00,8.91145,8.83702,8.451185,13.907724,22.95841
2023-08-09 22:00:00,7.857275,8.730109,7.998076,23.78345,22.876328
2023-08-09 22:00:00,7.857275,8.719917,8.457006,22.34125,22.25697
2023-08-09 23:00:00,9.2328,8.406982,8.1129265,18.299349,20.550306
2023-08-10 00:00:00,6.889633,8.167044,7.4839473,11.076125,13.138993
2023-08-10 01:00:00,6.3952336,7.8857102,6.9106574,2.7781,2.4339526
2023-08-10 02:00:00,6.641933,7.7798924,6.9323473,0.03439986,0.6848754
2023-08-10 03:00:00,6.6436663,7.5520096,6.872305,0.14389986,0.9582885
2023-08-10 04:00:00,6.6013,7.5776424,6.779109,1.5265503,1.9259233
2023-08-10 05:00:00,5.2886,7.601021,7.039206,12.76975,5.760316
2023-08-10 06:00:00,6.5552335,7.60204,7.072977,20.325825,9.826974
2023-08-10 07:00:00,6.710767,7.47606,6.8658786,22.228949,15.327915
2023-08-10 08:00:00,6.6831,7.503592,7.0319405,22.68375,22.346214
2023-08-10 09:00:00,6.5872,7.71717,7.2706933,21.458052,20.378653
2023-08-10 10:00:00,8.256625,8.167574,7.8434763,17.7272,13.803055
2023-08-10 11:00:00,8.542167,8.598904,8.583967,11.3599,9.354409
2023-08-10 12:00:00,9.085151,8.909248,8.695036,2.7786753,1.7974029
2023-08-10 13:00:00,9.628134,8.962685,8.7573595,0.029899862,0.78706974
2023-08-10 14:00:00,8.8542,8.998813,9.1305685,0.16432466,1.1476411
2023-08-10 15:00:00,8.6785,9.077946,9.240494,1.694899,3.432402
2023-08-10 16:00:00,8.931186,9.093695,9.200363,12.4126,11.073169
2023-08-10 17:00:00,8.877167,9.014646,9.030207,19.093374,15.353228
2023-08-10 18:00:00,8.929267,9.03243,8.929245,19.86825,13.758448
2023-08-10 19:00:00,8.93995,9.015305,9.083261,19.439573,14.3656845
2023-08-10 20:00:00,8.950634,8.92493,9.002727,15.0394745,12.779952
2023-08-10 21:00:00,8.95762,8.825949,8.856605,11.867875,11.375329
2023-08-10 21:00:00,8.95762,8.605025,8.845536,11.585975,7.129197
2023-08-10 22:00:00,8.917116,8.236636,8.429673,3.22815,2.5197172
2023-08-10 23:00:00,9.005,7.8784995,7.981114,0.041626424,0.8793969
2023-08-11 00:00:00,7.699,7.378919,7.5960608,0.19407369,1.1584536
2023-08-11 01:00:00,7.635933,7.101952,7.2500224,1.5810004,2.981144
2023-08-11 02:00:00,6.9321003,6.845153,7.277817,10.854151,5.8102584
2023-08-11 03:00:00,6.5682,6.92352,7.256307,14.360875,8.398049
2023-08-11 04:00:00,6.955567,6.9735994,7.2011847,18.32965,8.524001
2023-08-11 05:00:00,6.5102,7.027919,7.2415395,13.119474,6.434154
2023-08-11 06:00:00,6.60935,7.0103536,7.249636,16.8878,5.872653
2023-08-11 07:00:00,5.727075,7.04978,7.09665,3.8056998,4.7106256
2023-08-11 08:00:00,6.5984,7.2341647,7.0497055,1.17235,3.8681188
2023-08-11 09:00:00,6.5224,7.7053037,7.162872,1.1906753,3.1719449
2023-08-11 10:00:00,8.30545,8.229072,7.5077195,0.15772505,1.2259917
2023-08-11 11:00:00,9.417434,8.763402,8.118271,1.5577495,3.1107514
2023-08-11 12:00:00,9.330625,9.083724,8.823175,10.741651,5.32384
2023-08-11 13:00:00,8.866366,9.314553,9.092874,12.13725,6.20257
2023-08-11 14:00:00,8.849625,9.414733,9.006398,20.726126,7.3087893
2023-08-11 15:00:00,8.6675,9.381326,8.992492,20.17535,8.605486
2023-08-11 16:00:00,8.88808,9.294922,9.0898285,11.64305,9.613114
2023-08-11 17:00:00,8.10866,9.289659,8.943012,5.0062747,6.3648267
2023-08-11 18:00:00,8.148983,9.260529,8.670729,3.1260502,4.3004518
2023-08-11 19:00:00,8.9424,9.214678,8.637966,1.3188237,3.2028472
2023-08-11 20:00:00,8.9718,9.127311,8.757467,0.066324666,0.9952153
2023-08-11 20:00:00,8.9718,8.992965,7.7204843,0.16747504,1.5725629
2023-08-11 21:00:00,8.776366,8.7341,7.424969,2.7321997,4.888062
2023-08-11 22:00:00,8.15148,8.418656,7.404806,14.301974,17.83696
2023-08-11 23:00:00,7.271975,7.897957,7.147173,20.951448,20.868778
2023-08-12 00:00:00,6.6275,7.497307,6.9737663,23.039276,26.091959
2023-08-12 01:00:00,6.8983502,7.0439844,6.8449464,23.857552,26.094885
2023-08-12 02:00:00,6.7106,7.0870004,6.753707,22.370975,23.031988
2023-08-12 03:00:00,5.6898,7.178864,6.843046,18.688475,19.720037
2023-08-12 04:00:00,6.5272,7.267767,6.721186,7.5009995,17.842628
2023-08-12 05:00:00,6.5233335,7.2681046,6.7398252,0.84307367,2.8300953
2023-08-12 06:00:00,6.5684333,7.2322392,6.827775,0.04062447,0.97051704
2023-08-12 07:00:00,6.495225,7.1379986,6.838784,0.16917525,0.97475433
2023-08-12 08:00:00,6.58915,7.359486,6.6548467,2.9583755,1.8033237
2023-08-12 09:00:00,5.791,7.7556334,6.427316,14.031549,13.566586
2023-08-12 10:00:00,4.8311,8.326737,6.919212,18.655176,16.076027
2023-08-12 11:00:00,6.634383,8.754735,6.8255363,7.9922004,5.994318
2023-08-12 12:00:00,6.076616,9.0997,6.780998,2.492975,6.086972
2023-08-12 13:00:00,6.05042,9.369534,6.9291964,2.7267504,6.048316
2023-08-12 14:00:00,6.3151,9.335436,6.869835,2.7810502,5.5407214
2023-08-12 15:00:00,6.143467,9.116406,6.8589263,2.0410748,3.3302953
2023-08-12 16:00:00,6.9422,9.041678,6.750879,1.0302504,2.0569136
2023-08-12 17:00:00,5.84585,8.936926,6.945552,0.10290084,0.88471234
2023-08-12 18:00:00,6.350225,8.912435,6.8688407,0.51412445,3.0650072
2023-08-12 19:00:00,7.1612997,9.062435,6.8850265,8.620174,8.381652
2023-08-12 19:00:00,7.1612997,6.820012,6.201054,15.202849,19.274893
2023-08-12 20:00:00,6.8166003,7.1581736,6.3338785,7.245225,13.537214
2023-08-12 21:00:00,6.0526,7.3450465,6.39939,8.141825,15.07713
2023-08-12 22:00:00,6.259933,7.164887,6.414938,8.773826,6.041356
2023-08-12 23:00:00,6.9934,6.9834447,6.328525,7.3679247,5.962392
2023-08-13 00:00:00,6.05564,6.510996,6.3557343,5.0993757,5.8167543
2023-08-13 01:00:00,6.8827,6.4099874,6.372153,1.4636,4.488522
2023-08-13 02:00:00,5.85375,6.383072,6.2142973,0.9948002,3.831896
2023-08-13 03:00:00,6.240075,6.4403496,6.2991138,0.51605123,1.5170971
2023-08-13 04:00:00,6.1422,6.487494,6.333739,0.22025044,0.9027495
2023-08-13 05:00:00,5.83885,6.573184,6.3003383,4.355975,6.1321754
2023-08-13 06:00:00,6.5656,6.4865756,6.410832,7.5536995,4.7436295
2023-08-13 07:00:00,6.5596333,6.402213,6.2221456,5.0766754,6.111531
2023-08-13 08:00:00,6.713725,6.2750206,6.4715524,3.8828754,7.293531
2023-08-13 09:00:00,6.6048503,6.3292766,6.164121,4.941025,10.481523
2023-08-13 10:00:00,5.5116663,6.4386396,6.2433996,3.4066255,5.3921843
2023-08-13 11:00:00,6.9811,6.7188935,6.4907174,3.1772504,11.834842
2023-08-13 12:00:00,6.785025,7.0813875,6.5011477,2.3346996,3.0732875
2023-08-13 13:00:00,4.8317003,7.241836,6.379427,2.0055504,2.2231607
2023-08-13 14:00:00,6.80866,7.169425,6.5301313,0.84249943,1.3036792
2023-08-13 15:00:00,6.6622,7.2254286,6.5454707,1.7233999,2.1074986
2023-08-13 16:00:00,6.83538,7.1362367,6.53719,12.1135,5.8973618
2023-08-13 17:00:00,6.8516498,7.0253673,6.26729,19.257725,19.42806
2023-08-13 18:00:00,7.6162996,7.239041,6.330148,23.04865,22.421444
2023-08-13 18:00:00,7.6162996,7.0196605,6.9330363,25.148401,24.557117
2023-08-13 19:00:00,6.890717,7.3089914,6.763024,25.607275,25.47009
2023-08-13 20:00:00,6.1914,7.577828,6.7321963,24.471975,24.525177
2023-08-13 21:00:00,6.90045,7.5461,7.0295706,21.05225,23.591984
2023-08-13 22:00:00,6.9972997,7.564776,7.1129503,15.1748,20.384354
2023-08-13 23:00:00,6.1655,7.2044086,6.913173,7.7219753,11.343311
2023-08-14 00:00:00,6.8739667,7.1001177,6.4184947,1.000725,2.5332515
2023-08-14 01:00:00,5.93712,7.0840273,6.3175,1.8112749,1.6651343
2023-08-14 02:00:00,6.79135,7.074073,6.4228597,12.770974,12.287421
2023-08-14 03:00:00,5.952113,6.9567456,6.472089,19.595,18.41835
2023-08-14 04:00:00,6.1726747,7.01556,6.423227,23.72875,23.013033
2023-08-14 05:00:00,6.28294,7.0054727,6.380597,25.623825,25.6297
2023-08-14 06:00:00,6.55865,7.103653,6.4757066,25.586025,26.374243
2023-08-14 07:00:00,4.8083997,7.136079,6.5357103,24.135225,25.269981
2023-08-14 08:00:00,6.1654,7.2695518,6.556758,20.778675,21.346378
2023-08-14 09:00:00,7.6765,7.294667,6.7562113,14.9417,16.151833
2023-08-14 10:00:00,8.813366,7.514118,7.422099,7.2222,6.056984
2023-08-14 11:00:00,8.039733,7.9165897,8.336704,0.94417423,1.178102
2023-08-14 12:00:00,8.27,8.12601,9.272728,2.3056753,1.1094536
2023-08-14 13:00:00,8.9062,8.11651,9.511716,12.6892,11.089368
2023-08-14 14:00:00,9.010034,8.277836,9.595652,18.963224,16.37051
2023-08-14 15:00:00,7.8446746,8.33793,9.532637,22.641474,20.726974
2023-08-14 16:00:00,9.0546,8.267108,9.419746,24.673151,24.637344
2023-08-14 17:00:00,9.7641,8.391501,9.093299,24.913124,25.258112
2023-08-14 17:00:00,9.7641,9.145685,9.075425,24.151775,23.96952
2023-08-14 18:00:00,8.1104,9.294394,9.121753,21.147823,19.326622
2023-08-14 19:00:00,8.0321665,9.352773,9.121786,15.741175,11.741316
2023-08-14 20:00:00,8.160683,9.052,8.82736,8.046624,7.086324
2023-08-14 21:00:00,9.095575,8.69429,8.371186,1.0865248,1.2339517
2023-08-14 22:00:00,7.073967,8.066945,7.5623584,2.4293003,1.9320991
2023-08-14 23:00:00,7.5223503,7.730998,6.8259935,9.669075,13.29299
2023-08-15 00:00:00,7.1178336,7.4958243,6.4809256,18.883026,17.759645
2023-08-15 01:00:00,6.819,7.3594127,6.5475006,16.138,16.893707
2023-08-15 02:00:00,6.722567,7.112454,6.5020227,22.2446,24.973368
2023-08-15 03:00:00,6.2663198,6.995454,6.305143,25.374199,23.080685
2023-08-15 04:00:00,4.8159,6.971322,6.25665,6.5249753,7.2734995
2023-08-15 05:00:00,6.8603964,7.032519,6.1421795,4.3382006,10.512588
2023-08-15 06:00:00,6.8106604,7.0475283,6.181875,2.988525,4.932098
2023-08-15 07:00:00,6.7488,7.191403,6.0453663,2.2379751,3.080066
2023-08-15 08:00:00,6.705125,7.337232,6.266141,0.08927486,0.8886225
2023-08-15 09:00:00,6.25942,7.6985774,6.741161,0.79219866,1.4344301
2023-08-15 10:00:00,8.7991,8.236155,7.3251085,2.8382504,4.037055
2023-08-15 11:00:00,7.363633,8.667389,8.083474,10.444224,8.550514
2023-08-15 12:00:00,8.945233,8.85258,8.106627,19.37925,19.99544
2023-08-15 13:00:00,8.9513,9.0507,8.07733,18.108349,16.637342
2023-08-15 14:00:00,7.5411334,9.158712,8.391844,25.898575,27.694187
2023-08-15 15:00:00,8.9755,9.118547,8.315458,24.69355,24.502348
2023-08-15 16:00:00,9.012211,9.200194,8.284774,9.338675,14.496023
2023-08-15 16:00:00,9.012211,9.18652,9.489744,13.986401,14.885928
2023-08-15 17:00:00,9.014634,9.259935,9.036991,6.551475,3.7926478
2023-08-15 18:00:00,9.0149,9.271303,8.901527,0.44927487,1.2607446
2023-08-15 19:00:00,9.0184,9.091922,8.817914,2.534025,1.7429926
2023-08-15 20:00:00,8.466766,8.865321,8.686877,9.716625,7.3895006
2023-08-15 21:00:00,6.895967,8.345271,8.301132,19.026375,18.84284
2023-08-15 22:00:00,6.30715,7.9971037,7.3313046,12.522375,10.346281
2023-08-15 23:00:00,6.74675,7.673694,6.616514,10.865575,15.814159
2023-08-16 00:00:00,5.3359,7.4789844,6.466672,19.893,18.611843
2023-08-16 01:00:00,6.7711,7.261783,6.240417,20.80705,22.992144
2023-08-16 02:00:00,6.7781663,7.144317,6.353173,10.40545,8.876793
2023-08-16 03:00:00,5.8292003,6.980421,6.3023124,5.2870007,8.222906
2023-08-16 04:00:00,6.0111003,6.973429,6.277491,2.3636754,4.469396
2023-08-16 05:00:00,6.6554503,7.08529,6.2201877,0.20887545,1.3597915
2023-08-16 06:00:00,5.91204,7.230065,6.4156046,0.83970064,0.9897289
2023-08-16 07:00:00,6.6646748,7.197865,6.346921,7.4840503,2.1695943
2023-08-16 08:00:00,6.903567,7.2975745,6.3708577,15.137725,11.632151
2023-08-16 09:00:00,6.7269,7.5878205,7.236829,20.458574,23.313364
2023-08-16 10:00:00,6.35006,7.927875,8.3272915,24.20775,25.441
2023-08-16 11:00:00,7.0309,8.125359,8.728216,14.131225,12.584225
2023-08-16 12:00:00,8.77715,8.372358,8.88825,23.603775,25.845924
2023-08-16 13:00:00,8.42986,8.383196,8.846047,19.2435,26.300413
2023-08-16 14:00:00,8.394167,8.385382,8.840749,18.904474,25.334688
2023-08-16 15:00:00,8.668076,8.637971,8.805319,15.56595,19.964518
2023-08-16 15:00:00,8.668076,8.696736,8.908259,5.711475,8.462334
2023-08-16 16:00:00,6.7687,8.904343,8.918557,1.8382505,1.5905766
2023-08-16 17:00:00,8.2465,8.980863,8.841336,0.03655025,0.6752553
2023-08-16 18:00:00,8.95255,8.805738,8.910416,0.71984905,1.1943794
2023-08-16 19:00:00,8.1323395,8.710894,8.652661,4.4969506,6.210653
2023-08-16 20:00:00,9.3175,8.245442,8.216541,14.394424,15.511255
2023-08-16 21:00:00,9.033866,7.906075,7.6361756,20.069426,19.85586
2023-08-16 22:00:00,8.978134,7.5445123,7.187127,23.967926,23.84012
2023-08-16 23:00:00,9.0284,7.263165,6.480962,26.6637,25.463215
2023-08-17 00:00:00,6.8707004,6.9686494,6.125643,27.458376,22.647173
2023-08-17 01:00:00,5.8091497,6.9186044,6.072157,25.480776,19.801813
2023-08-17 02:00:00,6.929933,6.814593,6.233865,21.604849,19.270761
2023-08-17 03:00:00,6.7332,6.7759686,6.203296,15.7424,16.717525
2023-08-17 04:00:00,4.7969,6.770094,5.921856,8.29965,7.0173893
2023-08-17 05:00:00,5.8856,6.887416,6.11533,1.7788999,1.9029536
2023-08-17 06:00:00,6.64085,6.951176,6.347571,0.03992525,0.77732563
2023-08-17 07:00:00,6.6039333,7.0612473,6.461444,0.8611,1.2154497
2023-08-17 08:00:00,5.821525,7.37547,6.3690915,7.1559744,2.7954233
2023-08-17 09:00:00,6.7771,7.6821737,6.8228846,14.651151,14.550637
2023-08-17 10:00:00,6.25486,7.889957,7.5234137,19.782875,18.765945
2023-08-17 11:00:00,8.7095,8.204511,8.179595,23.411776,23.439396
2023-08-17 12:00:00,8.619901,8.311514,8.47006,25.3336,26.012033
2023-08-17 13:00:00,7.467433,8.3387,8.64154,25.469776,27.3162
2023-08-17 14:00:00,9.1578,8.544115,8.561323,24.250725,25.708508
2023-08-17 14:00:00,9.1578,8.506705,8.442684,20.396526,22.6222
2023-08-17 15:00:00,7.9645333,8.865928,8.641062,14.674775,16.585596
2023-08-17 16:00:00,6.7699,9.188733,8.56138,8.14435,7.2240505
2023-08-17 17:00:00,9.195867,9.292129,9.11142,1.9760249,1.1807876
2023-08-17 18:00:00,9.23874,9.417232,8.703753,0.04364986,0.74137735
2023-08-17 19:00:00,9.0612,9.238105,8.531898,0.9426254,1.1847154
2023-08-17 20:00:00,8.9381,9.1735,8.342819,7.0513744,5.0542145
2023-08-17 21:00:00,8.9824,8.945616,8.248006,14.6592245,14.169936
2023-08-17 22:00:00,9.039599,8.560314,7.6551332,19.830324,18.394062
2023-08-17 23:00:00,8.862134,8.047515,7.16179,22.9149,22.99011
2023-08-18 00:00:00,8.9576,7.710426,6.504892,24.677599,24.447311
2023-08-18 01:00:00,8.655933,7.4806256,6.551315,24.987,24.984407
2023-08-18 02:00:00,5.412133,7.4518104,6.6334257,23.767551,24.578407
2023-08-18 03:00:00,6.78155,7.2843537,6.388248,20.7394,21.354902
2023-08-18 04:00:00,6.4087996,7.1378865,6.4409986,15.18275,16.060091
2023-08-18 05:00:00,5.73405,7.005779,6.3356957,8.345025,7.6547837
2023-08-18 06:00:00,6.713225,6.9556684,6.325987,1.8679497,1.5717543
2023-08-18 07:00:00,5.4557996,7.043352,6.4520864,0.046726033,0.7921928
2023-08-18 08:00:00,7.0902996,7.1794705,6.743202,1.0260005,1.384852
2023-08-18 09:00:00,7.4727798,7.3548326,7.093206,7.829525,5.74981
2023-08-18 10:00:00,8.2213,7.8243117,7.3225636,15.3177,15.450354
2023-08-18 11:00:00,8.777766,8.203185,7.805784,20.59835,19.857845
2023-08-18 12:00:00,8.91255,8.432762,7.8819017,23.600975,22.757803
2023-08-18 13:00:00,9.5817995,8.664336,8.060432,25.15055,24.047276
2023-08-18 13:00:00,9.5817995,9.584266,8.947398,25.448524,24.425014
2023-08-18 14:00:00,8.732833,9.886688,9.101241,23.722425,24.25054
2023-08-18 15:00:00,8.941533,10.075825,9.325825,21.113,22.018366
2023-08-18 16:00:00,9.036567,10.150518,9.484647,15.817966,16.798477
2023-08-18 17:00:00,9.1622,10.292492,9.349123,8.634174,8.081649
2023-08-18 18:00:00,9.2283,10.106113,9.012057,1.9102749,1.4733716
2023-08-18 19:00:00,9.28946,10.037731,8.811985,0.06492525,0.8198422
2023-08-18 20:00:00,8.003924,9.912998,8.897103,0.79380023,1.1094116
2023-08-18 21:00:00,9.1112995,9.610329,8.667288,7.22015,5.7089467
2023-08-18 22:00:00,8.794134,9.064811,8.571486,15.071401,12.204294
2023-08-18 23:00:00,8.048201,8.554293,8.196416,19.6783,18.760406
2023-08-19 00:00:00,7.9788,8.024249,7.6833086,19.9624,16.118856
2023-08-19 01:00:00,7.8573,7.786755,7.3796453,24.48205,23.949045
2023-08-19 02:00:00,7.39725,7.632656,6.755083,21.55745,18.881052
2023-08-19 03:00:00,4.90325,7.524618,6.4827123,11.916975,14.131387
2023-08-19 04:00:00,7.1146746,7.3197207,6.5826807,10.021825,9.638624
2023-08-19 05:00:00,6.6161666,7.253861,6.4454894,7.59015,10.715955
2023-08-19 06:00:00,5.7795753,7.355776,6.554068,4.6287007,4.467313
2023-08-19 07:00:00,6.64645,7.491763,6.7846084,1.1798755,1.4212173
2023-08-19 08:00:00,6.661,7.645523,7.226734,0.26082468,0.8649682
2023-08-19 09:00:00,5.7921,8.045841,6.833006,1.1512994,2.4750845
2023-08-19 10:00:00,5.9978,8.470336,6.747571,5.77865,11.224591
2023-08-19 11:00:00,6.7861333,8.871735,7.0766063,12.609674,13.203663
2023-08-19 12:00:00,5.9095497,9.420395,7.5828824,16.32225,16.241432
2023-08-19 12:00:00,5.9095497,7.6054196,6.556569,17.029625,17.98479
2023-08-19 13:00:00,5.0329666,8.006457,6.685606,16.843624,16.491724
2023-08-19 14:00:00,6.79404,8.244909,6.3900943,8.441026,13.145707
2023-08-19 15:00:00,5.9730496,8.3242655,6.4724317,8.35515,14.510056
2023-08-19 16:00:00,6.4309,8.442674,6.441527,4.7520757,2.904188
2023-08-19 17:00:00,6.9718,8.48985,6.5261183,1.3425004,2.0590415
2023-08-19 18:00:00,5.9741,8.640158,6.488152,0.33869967,1.1867583
2023-08-19 19:00:00,7.3504167,8.707504,6.666301,0.060851034,0.7132866
2023-08-19 20:00:00,7.1702747,8.720537,6.7592826,0.3984497,0.85852486
2023-08-19 21:00:00,6.0217004,8.555749,6.6558447,2.6033003,2.448893
2023-08-19 22:00:00,6.3257747,8.420057,6.4403577,2.7718246,4.7766256
2023-08-19 23:00:00,6.3627,8.117746,6.432632,7.61985,8.298863
2023-08-20 00:00:00,6.577725,7.782925,6.4083986,15.0652,7.82204
2023-08-20 01:00:00,7.08305,7.5446334,6.437619,14.823475,14.238287
2023-08-20 02:00:00,7.071,7.396482,6.4720726,10.1051,8.269582
2023-08-20 03:00:00,7.05452,7.185378,6.6263986,11.306125,7.765702
2023-08-20 04:00:00,7.1793,7.0744796,6.889457,8.736675,7.590602
2023-08-20 05:00:00,6.198567,6.979937,6.493072,2.5937252,2.1987758
2023-08-20 06:00:00,4.8262997,6.8661084,6.5464625,0.8222504,0.7614262
2023-08-20 07:00:00,6.7418,6.794646,6.402399,0.638975,0.66122895
2023-08-20 08:00:00,6.6727004,6.865921,6.4898286,5.8793,1.2028471
2023-08-20 09:00:00,4.7983,6.868422,6.3550396,13.17435,4.7987185
2023-08-20 10:00:00,6.8258333,6.945832,6.5632324,17.783676,13.516495
2023-08-20 11:00:00,6.8686,7.408155,6.9341636,21.7325,18.565582
2023-08-20 11:00:00,6.8686,6.606046,6.4681697,22.8503,22.872555
2023-08-20 12:00:00,4.8307996,6.8096385,6.270836,23.995901,18.104168
2023-08-20 13:00:00,6.4593797,6.8681393,6.0690823,22.750051,21.319487
2023-08-20 14:00:00,7.0166,6.814709,5.971371,19.6339,17.646854
2023-08-20 15:00:00,6.297933,6.760548,6.313777,14.196475,13.560824
2023-08-20 16:00:00,6.4298577,6.612016,6.6304135,7.0962996,4.665964
2023-08-20 17:00:00,6.48765,6.8448534,6.806807,2.1128004,1.1050327
2023-08-20 18:00:00,6.01485,7.2291737,6.7761364,0.096200645,0.6771411
2023-08-20 19:00:00,7.1822004,7.4763947,6.5055346,0.18222603,0.82517135
2023-08-20 20:00:00,7.03435,7.524497,6.8021827,1.1440502,2.3593647
2023-08-20 21:00:00,6.761675,7.6138105,6.8801794,3.5969498,2.9310493
2023-08-20 22:00:00,6.489,7.547443,6.792436,2.9205248,7.7234545
2023-08-20 23:00:00,6.2742996,7.399914,6.335263,4.47585,6.412777
2023-08-21 00:00:00,6.4042,7.3683186,6.473668,2.4210503,5.1225266
2023-08-21 01:00:00,6.6728997,7.376324,6.8105445,12.201526,5.6217866
2023-08-21 02:00:00,6.82085,7.295319,6.576952,6.6333256,5.655938
2023-08-21 03:00:00,6.9009504,7.2852654,6.521654,1.9948246,4.973145
2023-08-21 04:00:00,6.7004666,7.30667,6.7721667,3.2415502,3.9089673
2023-08-21 05:00:00,5.4986,7.148797,6.88658,2.4621255,2.2716918
2023-08-21 06:00:00,6.6674,6.9685926,6.3267674,1.2290004,1.2743081
2023-08-21 07:00:00,6.32945,6.995212,6.2722235,0.029375449,0.7026948
2023-08-21 08:00:00,8.72785,7.0176287,6.71971,0.030949667,0.7632514
2023-08-21 09:00:00,12.9390335,7.0422845,6.776926,0.51942426,1.1151801
2023-08-21 10:00:00,10.603,7.438919,7.184566,3.39785,2.1651587
2023-08-21 10:00:00,10.603,11.434848,8.945235,7.4636245,2.3668706
2023-08-21 11:00:00,9.781533,11.689789,9.329344,8.937025,3.004771
2023-08-21 12:00:00,11.9833,11.668936,9.266223,4.5137506,1.662438
2023-08-21 13:00:00,11.80925,11.470404,9.444555,7.9744005,4.8235326
2023-08-21 14:00:00,12.0157995,11.560358,9.334193,18.623775,14.925503
2023-08-21 15:00:00,11.8015,11.407221,9.442375,13.446099,15.474779
2023-08-21 16:00:00,11.96276,11.403012,9.404538,9.256776,6.0270667
2023-08-21 17:00:00,9.53715,11.595298,9.539892,4.79255,1.8008462
2023-08-21 18:00:00,11.958099,11.444657,9.808892,2.0161753,1.020478
2023-08-21 19:00:00,10.8723,10.762514,9.200098,0.14785005,0.6711821
2023-08-21 20:00:00,10.150634,9.765131,8.85611,0.08700143,0.7281821
2023-08-21 21:00:00,12.092167,8.806206,8.341785,1.7130756,1.242062
2023-08-21 22:00:00,8.601733,8.324626,7.9795165,6.6540504,2.9000435
2023-08-21 23:00:00,8.432349,8.143148,7.8010697,12.422625,11.276097
2023-08-22 00:00:00,7.7024503,8.144853,7.4183474,14.88105,9.566782
2023-08-22 01:00:00,4.7957,8.048239,7.6703763,10.57805,6.834785
2023-08-22 02:00:00,7.2049,7.873714,7.3754787,7.9019995,6.3363824
2023-08-22 03:00:00,6.83545,7.8324385,7.268787,6.853825,6.9224524
2023-08-22 04:00:00,6.63095,7.785833,7.1158586,4.1638756,6.5998206
2023-08-22 05:00:00,6.863275,7.6626453,6.7216864,3.4436996,6.6314573
2023-08-22 06:00:00,6.82415,7.8564725,6.6830378,2.6713755,4.488151
2023-08-22 07:00:00,6.79704,8.364493,7.4226756,1.7032007,2.7073178
2023-08-22 08:00:00,6.7957997,9.184706,7.9654126,0.38839987,1.04248
2023-08-22 09:00:00,6.8315496,10.207982,8.011579,0.048575643,0.87514496
2023-08-22 09:00:00,6.8315496,8.49886,9.221709,0.19794966,0.6828481
2023-08-22 10:00:00,11.66405,9.488968,10.357658,2.4503756,1.62827
2023-08-22 11:00:00,8.3236,10.1445465,10.79622,8.685451,6.5065913
2023-08-22 12:00:00,11.9152,10.467844,11.195164,6.1454253,11.004457
2023-08-22 13:00:00,11.935934,10.851813,10.901248,8.138525,21.061575
2023-08-22 14:00:00,12.0168,10.939715,10.745704,21.746426,21.13363
2023-08-22 15:00:00,12.116366,10.987146,10.63009,23.540026,23.210365
2023-08-22 16:00:00,12.05395,11.050714,11.24874,24.3046,25.673336
2023-08-22 17:00:00,6.8022003,11.076176,11.213411,14.217175,19.09324
2023-08-22 18:00:00,9.406401,10.944888,10.850615,6.185525,16.108349
2023-08-22 19:00:00,12.0810995,10.778148,10.919977,5.85535,17.921696
2023-08-22 20:00:00,6.9057,10.376444,10.898608,1.8489751,4.0423403
2023-08-22 21:00:00,10.420033,9.858732,10.2688055,1.270775,1.8809537
2023-08-22 22:00:00,11.075974,9.200098,9.917531,0.15307467,0.792852
2023-08-22 23:00:00,7.6921663,8.717938,9.138479,0.32275045,0.87626994
2023-08-23 00:00:00,7.8448,8.207847,8.639437,1.4045748,3.9133344
2023-08-23 01:00:00,7.0748334,7.7900343,8.407556,8.629,11.965753
2023-08-23 02:00:00,5.95535,7.534196,8.11697,14.17575,19.129635
2023-08-23 03:00:00,6.3008,7.372753,7.9166656,20.954824,13.831878
2023-08-23 04:00:00,6.7171497,7.1664577,7.292005,23.504927,20.767735
2023-08-23 05:00:00,7.0147996,7.0266514,7.3241224,24.96,21.635174
2023-08-23 06:00:00,6.910967,6.8225884,7.015748,24.946074,22.162436
2023-08-23 07:00:00,6.807133,6.8025513,7.031512,22.948875,22.17529
2023-08-23 08:00:00,5.481633,7.1737695,7.6715508,20.02575,23.96445
2023-08-23 08:00:00,5.481633,7.1133156,7.844324,14.9117,21.164822
2023-08-23 09:00:00,7.0382004,7.514137,8.314617,8.01355,15.12507
2023-08-23 10:00:00,6.82146,7.9541435,9.541958,2.5033247,4.5836577
2023-08-23 11:00:00,9.2828,8.212959,10.054916,0.40430027,0.91700435
2023-08-23 12:00:00,11.9247,8.639043,11.072017,0.20672505,0.89660394
2023-08-23 13:00:00,11.969333,8.94012,11.457518,2.3563755,1.2972739
2023-08-23 14:00:00,12.38575,9.031846,11.650974,5.8745756,7.4439487
2023-08-23 15:00:00,12.031151,9.002323,11.462661,14.72095,12.606081
2023-08-23 16:00:00,12.02425,8.87439,11.407014,19.72015,20.054487
2023-08-23 17:00:00,11.9193,8.595362,11.089483,20.1849,19.578604
2023-08-23 18:00:00,12.113975,8.737431,10.870802,18.87025,21.05109
2023-08-23 19:00:00,12.11225,8.822654,11.139533,19.820724,23.124214
2023-08-23 20:00:00,11.758201,8.737911,10.899271,22.6251,19.335917
2023-08-23 21:00:00,12.20535,8.669889,9.836129,20.299599,19.574291
2023-08-23 22:00:00,6.7757998,8.441634,8.839364,13.92745,11.362423
2023-08-23 23:00:00,8.49175,8.117629,8.252088,8.775275,5.798608
2023-08-24 00:00:00,7.8909,7.856124,7.58784,3.83935,1.6362661
2023-08-24 01:00:00,5.5418673,7.5333824,7.045589,0.7805492,0.8387143
2023-08-24 02:00:00,6.94805,7.375608,6.699004,0.15457466,1.1220766
2023-08-24 03:00:00,6.9262004,7.442459,6.671828,3.2025747,3.5504096
2023-08-24 04:00:00,5.7041,7.555049,6.7101107,10.6175995,6.4519544
2023-08-24 05:00:00,6.4653997,7.6508355,6.965254,16.9598,15.693644
2023-08-24 06:00:00,6.610225,7.601964,7.533855,21.312975,20.239965
2023-08-24 07:00:00,4.8802996,7.724107,7.911365,24.423676,22.570894
2023-08-24 07:00:00,4.8802996,6.8839974,5.863249,26.016775,23.086302
2023-08-24 08:00:00,6.7965603,7.281227,5.8911004,25.871151,22.732222
2023-08-24 09:00:00,6.7185,7.922681,6.9094777,24.486275,26.19358
2023-08-24 10:00:00,5.8143253,8.732609,7.98589,21.246475,24.966879
2023-08-24 11:00:00,6.6946,9.755819,10.019512,15.420526,21.726412
2023-08-24 12:00:00,5.8487,10.840035,11.349953,8.857924,14.648182
2023-08-24 13:00:00,4.7848997,11.604779,12.278906,2.2638004,10.388821
2023-08-24 14:00:00,7.051883,12.162803,12.481293,0.24602583,1.8192211
2023-08-24 15:00:00,6.7901,12.314141,12.498147,0.17985006,1.0838637
2023-08-24 16:00:00,6.528317,12.027431,12.252996,3.348275,1.9539194
2023-08-24 17:00:00,8.670266,11.825528,11.649762,10.69215,8.433888
2023-08-24 18:00:00,12.343134,11.855601,11.48921,16.868626,16.723629
2023-08-24 19:00:00,11.0232,11.8947935,11.444999,21.080975,20.738115
2023-08-24 20:00:00,6.96305,11.695573,10.715339,23.6858,22.603157
2023-08-24 21:00:00,9.2199,11.188143,10.275084,24.6783,23.296648
2023-08-24 22:00:00,7.821067,10.373843,10.056142,24.521975,23.294518
2023-08-24 23:00:00,6.479133,9.451609,9.066162,23.805801,22.919163
2023-08-25 00:00:00,6.2813997,8.491911,7.578478,20.650175,21.624159
2023-08-25 01:00:00,7.1082997,7.6973324,6.6609316,15.198,17.000912
2023-08-25 02:00:00,7.137467,7.3575063,6.7345715,8.757975,8.925177
2023-08-25 03:00:00,6.9606333,7.2193265,6.8778753,2.3271,2.6926284
2023-08-25 04:00:00,6.8077,7.3135433,6.450105,0.2603491,1.137729
2023-08-25 05:00:00,6.8803253,7.3749275,6.6013107,0.22092524,1.0844927
2023-08-25 06:00:00,5.95868,7.500709,7.0266533,3.4210503,1.9831967
2023-08-25 06:00:00,5.95868,6.068028,6.801817,10.993575,8.443793
2023-08-25 07:00:00,7.1951003,5.903364,6.893202,17.055824,16.780405
2023-08-25 08:00:00,5.856325,6.164047,6.7615685,21.126427,20.428963
2023-08-25 09:00:00,6.98125,6.5990686,6.5894217,23.829725,21.85813
2023-08-25 10:00:00,6.919725,6.893833,6.778071,24.787176,22.0646
2023-08-25 11:00:00,7.481,7.206106,6.611368,24.4832,22.041782
2023-08-25 12:00:00,6.8400497,7.494356,6.971974,22.81735,22.244171
2023-08-25 13:00:00,8.201349,7.783102,6.6227,19.969975,20.896162
2023-08-25 14:00:00,10.687201,7.8850174,6.818975,14.917,16.732038
2023-08-25 15:00:00,11.6921,7.8034377,6.694969,8.414175,8.299082
2023-08-25 16:00:00,8.554067,7.8822765,6.741996,2.3005004,2.6660445
2023-08-25 17:00:00,11.9452,8.20634,6.928198,0.28862643,1.0110502
2023-08-25 18:00:00,12.214134,8.674113,6.695719,0.25114986,0.9247436
2023-08-25 19:00:00,8.497475,8.9177685,6.7092705,3.24465,1.8856938
2023-08-25 20:00:00,9.2485,8.648443,6.563276,10.270125,8.2993145
2023-08-25 21:00:00,8.286799,8.28764,6.5909452,16.3995,16.14845
2023-08-25 22:00:00,7.7147,7.811638,6.3485518,21.332775,19.332113
2023-08-25 23:00:00,7.027,7.30412,6.513806,23.97265,19.471458
2023-08-26 00:00:00,5.926225,6.9937487,6.150309,26.273651,18.978077
2023-08-26 01:00:00,6.94365,6.8456483,6.4654202,20.368074,17.884783
2023-08-26 02:00:00,6.2607,6.91899,6.394022,24.412125,21.55856
2023-08-26 03:00:00,6.66606,7.0635376,6.462142,20.816126,19.697067
2023-08-26 04:00:00,6.2012,7.019028,6.3921404,10.01375,12.543865
2023-08-26 05:00:00,7.09595,7.006593,5.8697896,5.4464254,5.6459146
2023-08-26 05:00:00,7.09595,6.3494706,6.13251,3.275025,1.7470415
2023-08-26 06:00:00,7.9907002,6.3445516,6.5772295,0.60914886,0.65503365
2023-08-26 07:00:00,7.5684247,6.614372,6.321496,0.12762545,0.7368471
2023-08-26 08:00:00,5.9571,7.2043824,6.8428454,1.6813755,1.491978
2023-08-26 09:00:00,7.1308,7.948904,7.04796,5.0965004,5.0835533
2023-08-26 10:00:00,6.8797665,8.705914,7.42173,6.8517003,6.679626
2023-08-26 11:00:00,6.838933,9.48689,7.3279324,7.5811253,17.440062
2023-08-26 12:00:00,6.9926,10.301111,7.3945074,10.31095,11.359661
2023-08-26 13:00:00,6.8112,10.873486,8.994676,11.7001505,13.803417
2023-08-26 14:00:00,7.8015,11.112195,8.9927225,16.109076,15.837186
2023-08-26 15:00:00,4.8343,11.21497,9.959574,13.4836,13.576313
2023-08-26 16:00:00,8.8291,11.219921,9.529162,10.744451,9.796482
2023-08-26 17:00:00,8.868401,11.280584,9.480692,8.790225,10.349889
2023-08-26 18:00:00,7.017775,11.346112,9.772373,5.5834255,5.0693254
2023-08-26 19:00:00,8.5496,11.057695,9.947701,2.21165,2.1895034
2023-08-26 20:00:00,9.158,10.391751,9.859959,0.30405027,0.91917425
2023-08-26 21:00:00,9.1118,9.6938715,9.037646,0.40237644,0.75483537
2023-08-26 22:00:00,8.1691,8.752802,8.476195,3.5311,1.8872026
2023-08-26 23:00:00,5.5617332,7.950646,8.021853,8.7125,7.4838257
2023-08-27 00:00:00,6.9447002,7.320844,7.317422,13.372951,14.778228
2023-08-27 01:00:00,7.0053997,6.8736625,6.8191504,17.053425,15.96601
2023-08-27 02:00:00,5.4951663,6.666904,6.812495,22.204876,19.70596
2023-08-27 03:00:00,2.1398,6.617768,6.4628572,24.1835,22.377653
2023-08-27 04:00:00,1.8851497,6.7522097,6.099641,23.902275,20.559383
2023-08-27 04:00:00,1.8851497,3.9146316,5.7735868,23.45275,19.747295
2023-08-27 05:00:00,9.28942,4.045543,5.3980026,20.371698,19.305767
2023-08-27 06:00:00,8.44755,4.010752,5.5915494,14.0752,14.350146
2023-08-27 07:00:00,7.60568,3.9114568,5.3981276,8.595975,10.413038
2023-08-27 08:00:00,7.420053,3.7782865,5.4083123,2.84815,2.7551177
2023-08-27 09:00:00,7.5513597,3.5891252,5.6039214,0.74497503,0.8537504
2023-08-27 10:00:00,7.6826663,3.799782,5.4995723,0.52194965,1.1043003
2023-08-27 11:00:00,7.3483,4.2168636,5.268334,3.8860748,2.6637964
2023-08-27 12:00:00,5.769475,4.6654806,5.621161,10.710875,9.650689
2023-08-27 13:00:00,7.45675,5.1532044,5.6486955,16.619125,16.276031
2023-08-27 14:00:00,9.144026,6.063168,5.6359076,20.74575,19.348806
2023-08-27 15:00:00,7.2875667,6.7867837,5.9164696,23.498074,20.952972
2023-08-27 16:00:00,6.92148,7.148248,5.910526,24.219324,0.0
2023-08-27 17:00:00,6.5553937,7.4392343,5.8638077,23.9746,0.0
2023-08-27 18:00:00,7.5308003,7.760526,6.2635255,22.63915,20.795189
2023-08-27 19:00:00,5.1558,7.788377,6.0643473,19.420849,19.380215
2023-08-27 20:00:00,6.9409,7.81745,5.9177423,14.646775,15.73464
2023-08-27 21:00:00,7.7612996,7.6528916,5.9801745,8.418575,8.593776
2023-08-27 22:00:00,7.62445,7.3154554,6.1814528,2.56315,3.1832182
2023-08-27 23:00:00,6.3106003,6.810494,5.7753377,0.5803745,0.9499858
2023-08-28 00:00:00,7.0726333,6.429173,5.770191,0.6163256,1.0082407
2023-08-28 01:00:00,7.0182996,5.972299,5.734007,3.7709,2.4146743
2023-08-28 02:00:00,6.3736663,5.2912736,6.1714215,10.205925,9.003204
2023-08-28 03:00:00,6.97275,4.776755,6.23318,16.397926,16.12915
2023-08-28 03:00:00,6.97275,6.3421226,5.765018,20.616474,19.615992
2023-08-28 04:00:00,6.99775,6.731517,5.8378315,22.960926,21.334862
2023-08-28 05:00:00,7.023875,7.3395796,6.1946197,11.9759245,21.423746
2023-08-28 06:00:00,5.6534753,7.723039,6.39914,18.20525,21.443077
2023-08-28 07:00:00,7.66888,7.940046,6.570692,24.4249,21.289385
2023-08-28 08:00:00,7.03374,7.805719,6.5054,22.795725,19.931318
2023-08-28 09:00:00,6.3986,7.752039,5.7353244,19.321474,15.865807
2023-08-28 10:00:00,7.5269504,7.861833,5.872807,14.673975,8.162966
2023-08-28 11:00:00,9.029799,7.903522,6.722696,8.576526,2.9742506
2023-08-28 12:00:00,11.819325,7.801181,6.8828573,2.7448003,0.9241303
2023-08-28 13:00:00,9.800651,8.038032,7.1676664,0.70835006,0.67849165
2023-08-28 14:00:00,9.95695,8.427033,7.1192446,0.7464506,1.8641987
2023-08-28 15:00:00,12.5732,8.628949,7.6028924,3.7353003,6.9624443
2023-08-28 16:00:00,12.142,8.596461,7.72518,9.5675,15.408016
2023-08-28 17:00:00,12.940125,8.499886,7.9732146,15.1433,19.806492
2023-08-28 18:00:00,7.2874,8.244284,8.000629,19.44235,21.066113
2023-08-28 19:00:00,9.157967,8.117747,8.052385,21.983675,16.41701
2023-08-28 20:00:00,12.566625,8.144991,7.8441052,22.871325,18.369276
2023-08-28 21:00:00,12.4196,8.1651945,7.46713,23.01065,22.583157
2023-08-28 22:00:00,10.655833,8.024544,7.2738576,21.506948,22.81793
2023-08-28 23:00:00,12.378066,7.916358,6.830313,18.309225,20.289555
2023-08-29 00:00:00,12.331201,7.891819,6.909783,13.604775,15.308318
2023-08-29 01:00:00,7.1867666,7.6876583,6.881415,8.213375,6.2246547
2023-08-29 02:00:00,7.1092668,7.441361,6.0780888,3.3961499,1.3784487
2023-08-29 02:00:00,7.1092668,8.156162,7.0266285,1.2842261,0.83042425
2023-08-29 03:00:00,7.1462,7.8793817,6.4790373,0.060698688,0.6830561
2023-08-29 04:00:00,6.24135,7.874634,6.63695,0.75592524,1.2190444
2023-08-29 05:00:00,5.2079,8.18832,6.6344023,3.7724497,4.239819
2023-08-29 06:00:00,6.6807747,8.272573,6.4519033,9.663401,11.647894
2023-08-29 07:00:00,7.11655,7.916234,6.611412,15.339325,16.412748
2023-08-29 08:00:00,7.3229,7.4985723,6.71241,19.451824,21.04761
2023-08-29 09:00:00,7.6822004,7.284884,6.332715,22.1129,22.927917
2023-08-29 10:00:00,6.338225,7.4999366,6.9319067,23.449026,23.846678
2023-08-29 11:00:00,8.905267,7.923029,7.0840807,23.169975,23.774122
2023-08-29 12:00:00,11.961451,8.739422,7.614835,21.799126,23.288574
2023-08-29 13:00:00,9.5848,9.840796,7.84776,18.580599,19.343561
2023-08-29 14:00:00,12.0387335,10.883339,8.4465065,14.153151,15.399433
2023-08-29 15:00:00,12.151267,11.48758,8.537644,8.33745,7.7000103
2023-08-29 16:00:00,11.002026,11.713163,9.6884575,2.9995747,2.870106
2023-08-29 17:00:00,12.36365,11.558045,9.327829,0.85442424,0.9767758
2023-08-29 18:00:00,12.6522,11.316194,9.221913,0.03137545,0.6908315
2023-08-29 19:00:00,12.1987,11.368564,8.462167,0.6990004,1.3809106
2023-08-29 20:00:00,9.157566,11.778305,8.325853,3.784975,4.558379
2023-08-29 21:00:00,10.304917,11.883395,8.580032,9.8632,11.070987
2023-08-29 22:00:00,11.311384,11.5848465,7.9047265,15.69915,15.881537
2023-08-29 23:00:00,12.317849,11.0739,7.66143,19.6831,19.485758
2023-08-30 00:00:00,9.61325,10.254442,7.8310595,21.95565,20.62786
2023-08-30 01:00:00,10.842875,9.299363,7.290337,22.136074,21.226881
2023-08-30 01:00:00,10.842875,8.633142,9.179244,23.2978,21.513931
2023-08-30 02:00:00,6.7949,7.666559,8.311969,21.170551,21.434792
2023-08-30 03:00:00,6.90715,7.0811915,8.092838,18.164574,19.07513
2023-08-30 04:00:00,7.0194,6.934996,7.5950155,13.954325,15.873903
2023-08-30 05:00:00,6.91335,7.234224,7.4040704,8.5358,6.9301085
2023-08-30 06:00:00,7.0429,7.6294413,7.392125,3.1720748,1.7845445
2023-08-30 07:00:00,7.1906,7.849994,7.5805507,0.878976,0.8731225
2023-08-30 08:00:00,7.0048666,7.7040443,7.6052613,0.038574666,0.6849428
2023-08-30 09:00:00,6.74,7.6589932,7.921383,0.76237446,1.219188
2023-08-30 10:00:00,8.790566,7.767152,8.554812,1.9980503,2.2811968
2023-08-30 11:00:00,12.23075,8.179398,9.005244,7.59685,6.0504613
2023-08-30 12:00:00,12.72396,8.935591,9.45312,16.269825,11.085842
2023-08-30 13:00:00,12.0338,9.8717,10.687807,15.84785,18.741257
2023-08-30 14:00:00,11.343639,10.585233,10.916407,20.913525,19.848078
2023-08-30 15:00:00,12.3409,10.877654,11.620847,21.669624,13.495781
2023-08-30 16:00:00,12.358725,10.855559,11.348121,16.232725,21.874338
2023-08-30 17:00:00,12.37655,10.525902,11.556272,18.231525,15.923643
2023-08-30 18:00:00,8.895734,10.039372,10.51445,17.064825,15.115827
2023-08-30 19:00:00,9.9472,9.838978,10.258859,12.007525,14.318297
2023-08-30 20:00:00,9.05775,9.969016,10.77248,7.4289503,8.467738
2023-08-30 21:00:00,8.121799,10.055312,10.858547,3.5688756,1.4286392
2023-08-30 22:00:00,6.6502004,9.957168,10.623723,0.5896996,0.87159127
2023-08-30 23:00:00,7.0776,9.567071,10.522106,0.5967748,1.5620816
2023-08-31 00:00:00,7.054425,8.948646,9.372725,2.9853754,5.3473315
2023-08-31 00:00:00,7.054425,6.387137,7.0598717,7.2502007,11.609198
2023-08-31 01:00:00,6.0539503,5.698211,6.8363295,12.7743,17.651636
2023-08-31 02:00:00,7.060433,5.1304064,6.414515,18.561901,18.581104
2023-08-31 03:00:00,6.60814,4.7995577,6.133007,21.017448,16.609182
2023-08-31 04:00:00,6.97125,5.1209593,6.432315,20.575075,17.758455
2023-08-31 05:00:00,7.1783,5.959841,6.177401,15.971025,11.707976
2023-08-31 06:00:00,7.09305,6.841869,6.365146,11.162826,10.754031
2023-08-31 07:00:00,6.2769,7.6020637,6.840724,8.4255,6.547158
2023-08-31 08:00:00,6.3031,8.127854,7.009268,4.6088257,4.023897
2023-08-31 09:00:00,7.268,8.572369,7.0318594,2.8068247,2.1763258
2023-08-31 10:00:00,6.8726,9.101153,7.246705,1.5528755,1.4157573
2023-08-31 11:00:00,7.0135,9.888761,8.287523,0.4243247,0.8010395
2023-08-31 12:00:00,7.1076665,10.749926,10.175409,0.62027484,1.5127915
2023-08-31 13:00:00,9.045401,11.410863,11.300041,2.5708003,6.509149
2023-08-31 14:00:00,10.4659,11.90545,10.90988,7.59245,14.244419
2023-08-31 15:00:00,7.7746,12.094038,11.045678,15.394325,13.086419
2023-08-31 16:00:00,12.618,11.731454,11.462131,19.7881,19.728632
2023-08-31 17:00:00,12.16245,10.944419,11.479688,21.983376,23.130714
2023-08-31 18:00:00,11.893233,10.026873,10.489882,23.0761,23.487621
2023-08-31 19:00:00,11.8324,9.363827,10.032638,23.104475,21.824183
2023-08-31 20:00:00,11.771566,9.032679,10.149717,21.84765,22.462326
2023-08-31 21:00:00,7.522033,8.749714,9.850674,18.915625,22.355335
2023-08-31 22:00:00,6.3232336,8.242892,8.920498,14.729401,13.917019
2023-08-31 23:00:00,4.9103,7.72454,8.31707,8.749925,7.0795383
2023-08-31 23:00:00,4.9103,6.854527,7.272422,3.1462252,1.6329741
2023-09-01 00:00:00,6.9457664,6.635047,6.9052324,0.72742623,0.76471233
2023-09-01 01:00:00,6.8932996,6.479595,7.1934547,0.030200643,0.67849165
2023-09-01 02:00:00,7.1657,6.136395,6.8207583,0.42915085,1.846358
2023-09-01 03:00:00,6.62718,5.6888723,6.5219617,3.8191001,4.9988337
2023-09-01 04:00:00,5.1612,5.111189,6.067823,10.400025,9.978477
2023-09-01 05:00:00,6.62815,4.8891783,6.4630895,16.48495,18.68836
2023-09-01 06:00:00,6.905825,4.8546367,6.5025,18.39795,19.500658
2023-09-01 07:00:00,6.69135,4.983523,6.635241,23.487225,20.478945
2023-09-01 08:00:00,6.93115,5.34355,6.912683,24.733625,20.964737
2023-09-01 09:00:00,6.961975,6.104408,7.33936,24.020401,21.288515
2023-09-01 10:00:00,6.082033,7.046969,7.635519,22.555876,21.460625
2023-09-01 11:00:00,4.9731,7.9004116,8.001462,19.461552,19.397028
2023-09-01 12:00:00,8.849925,8.456497,8.807175,14.714875,16.175013
2023-09-01 13:00:00,11.707275,8.906731,10.287912,8.760076,6.497233
2023-09-01 14:00:00,12.1419,9.384259,10.990725,2.2543247,2.075273
2023-09-01 15:00:00,11.957951,10.006818,11.133736,0.83487445,0.90158343
2023-09-01 16:00:00,11.998134,10.6097145,12.146184,0.058050252,0.6847094
2023-09-01 17:00:00,12.547481,10.961065,11.624602,0.51609904,2.248858
2023-09-01 18:00:00,12.6432,10.961784,11.544478,3.8060005,5.756555
2023-09-01 19:00:00,12.73892,10.86544,11.009089,10.41455,12.534538
2023-09-01 20:00:00,12.173759,10.580957,10.91255,15.994451,17.248571
2023-09-01 21:00:00,12.0128,9.8346815,10.299595,19.960323,19.582115
2023-09-01 22:00:00,7.0449,8.960404,9.4508095,22.189074,14.09418
2023-09-01 22:00:00,7.0449,11.249727,12.532466,22.156225,17.326706
2023-09-01 23:00:00,6.8279,10.8341465,12.076163,24.785376,16.090559
2023-09-02 00:00:00,7.03705,10.261421,11.354061,20.936926,23.275476
2023-09-02 01:00:00,6.9793,9.365099,10.336074,19.04985,20.387802
2023-09-02 02:00:00,7.050375,8.58819,7.8805175,12.71085,16.283932
2023-09-02 03:00:00,7.051125,7.8133917,6.4233074,9.2129,8.4477625
2023-09-02 04:00:00,7.051875,7.4157662,6.542736,3.4696002,2.361978
2023-09-02 05:00:00,6.84865,7.118849,6.302516,0.70264983,0.8858686
2023-09-02 06:00:00,4.8385,7.0831895,6.275763,0.032601032,0.6902973
2023-09-02 07:00:00,6.1311665,7.1919723,6.315764,0.7422006,1.2820239
2023-09-02 08:00:00,6.842767,7.493766,6.3205876,3.5154498,3.98602
2023-09-02 09:00:00,6.72355,7.9753156,6.876087,9.876975,9.5427475
2023-09-02 10:00:00,6.1182666,8.545289,7.1769433,15.296675,13.78524
2023-09-02 11:00:00,5.9495497,9.186593,7.031711,18.67505,11.001257
2023-09-02 12:00:00,7.33125,10.091559,6.3668275,14.780325,14.973146
2023-09-02 13:00:00,9.292875,10.92882,6.308984,9.779025,11.119962
2023-09-02 14:00:00,9.1934,11.772401,6.577553,6.0296,19.964226
2023-09-02 15:00:00,9.330434,12.432417,6.713181,10.78195,6.9311733
2023-09-02 16:00:00,9.3628,12.818898,6.5552573,6.3549,7.1739674
2023-09-02 17:00:00,6.07785,12.965333,6.698906,7.465425,8.264115
2023-09-02 18:00:00,9.557734,12.910225,6.5017285,8.44255,5.4533267
2023-09-02 19:00:00,9.616151,12.752761,6.433158,3.4454253,1.3960171
2023-09-02 20:00:00,9.586901,12.426308,6.566797,1.2037007,0.82671624
2023-09-02 21:00:00,9.5042,11.880029,6.385778,0.07302486,0.6851918
2023-09-02 21:00:00,9.5042,8.691872,8.068021,0.69739985,1.282645
2023-09-02 22:00:00,6.237125,8.261919,7.8285556,3.6305006,4.028852
2023-09-02 23:00:00,6.7811503,7.9561925,7.6486998,9.788975,9.514548
2023-09-03 00:00:00,6.926567,7.5504327,7.0153327,15.2367,14.925689
2023-09-03 01:00:00,7.0102997,7.2601357,6.555547,19.373177,18.903316
2023-09-03 02:00:00,7.103,6.90176,6.3973413,21.6844,20.217045
2023-09-03 03:00:00,7.0683,6.913671,6.5800014,22.598099,20.79051
2023-09-03 04:00:00,6.7659,6.7731094,6.308209,22.398825,21.413477
2023-09-03 05:00:00,6.85435,6.682901,6.213971,20.846676,21.583866
2023-09-03 06:00:00,6.975567,6.5367093,6.0454807,17.9961,20.148077
2023-09-03 07:00:00,6.7755,6.343219,6.1595616,13.903075,15.38307
2023-09-03 08:00:00,6.1593337,6.3838425,6.163352,8.585026,6.2695813
2023-09-03 09:00:00,5.85385,6.778103,6.2372346,3.5053003,1.1951674
2023-09-03 10:00:00,6.8636003,7.107187,6.674899,1.2010493,0.8403422
2023-09-03 11:00:00,6.69625,7.544498,6.0899744,0.11727389,0.69722503
2023-09-03 12:00:00,6.8969502,7.9522877,6.1686654,0.92907465,1.1448423
2023-09-03 13:00:00,5.83675,8.451848,6.440926,3.6721754,3.2795522
2023-09-03 14:00:00,5.6348333,8.866558,6.71868,8.8272,7.5946765
2023-09-03 15:00:00,6.92675,8.987223,6.9486327,13.92125,15.185114
2023-09-03 16:00:00,7.3538,8.948846,6.092745,17.841776,18.450048
2023-09-03 17:00:00,6.59394,9.017687,6.474613,20.205301,20.34076
2023-09-03 18:00:00,5.6631665,9.053192,6.2875037,21.043026,20.913
2023-09-03 19:00:00,7.2972,9.162184,6.03745,21.470573,21.34029
2023-09-03 20:00:00,7.2551003,9.025158,6.4207883,19.722301,21.074724
2023-09-03 20:00:00,7.2551003,7.289811,6.6553273,17.3077,17.902416
2023-09-03 21:00:00,7.3834248,7.0051546,6.982026,13.220875,14.712829
2023-09-03 22:00:00,7.4514666,6.743688,6.858751,8.36845,6.809892
2023-09-03 23:00:00,7.54375,6.5896034,6.6738563,3.5434253,1.7930591
2023-09-04 00:00:00,7.4395,6.7704563,6.634242,1.1390991,0.94012445
2023-09-04 01:00:00,7.8089666,6.664185,6.7771335,0.056050252,0.7022602
2023-09-04 02:00:00,7.4567003,6.9218783,6.698568,1.0840747,1.0930113
2023-09-04 03:00:00,7.3037996,7.0899506,6.6508594,3.670725,4.0277805
2023-09-04 04:00:00,7.2535496,7.148952,6.435846,8.793375,10.713831
2023-09-04 05:00:00,7.2376666,7.150094,6.963649,13.639575,13.552614
2023-09-04 06:00:00,7.24675,6.992066,6.751988,17.446125,18.216564
2023-09-04 07:00:00,7.00705,6.6775103,7.005122,20.655125,13.350796
2023-09-04 08:00:00,7.0702996,6.8064637,7.2897654,18.9985,19.247112
2023-09-04 09:00:00,7.1335497,7.092452,7.8569183,19.591824,20.766329
2023-09-04 10:00:00,7.42375,7.5139637,8.282407,21.2344,13.452327
2023-09-04 11:00:00,6.208475,7.6363826,8.661084,11.472825,5.7740474
2023-09-04 12:00:00,8.97165,7.7582245,9.274137,4.21165,4.0868454
2023-09-04 13:00:00,11.664576,8.017988,10.438364,1.7400249,4.160672
2023-09-04 14:00:00,12.684,8.107061,10.881595,2.702975,1.3848511
2023-09-04 15:00:00,11.965549,8.041847,11.372273,1.0247505,0.92654437
2023-09-04 16:00:00,13.6537,8.231656,11.219039,0.23017427,0.68989885
2023-09-04 17:00:00,13.429167,8.28289,11.281538,0.99177384,1.1492544
2023-09-04 18:00:00,12.338799,8.395797,11.076006,3.0747252,3.538059
2023-09-04 19:00:00,12.560833,8.715245,10.89354,8.835549,9.947157
2023-09-04 19:00:00,12.560833,13.070595,12.681247,14.0716505,14.783962
2023-09-04 20:00:00,10.920575,12.892163,12.675334,17.97825,19.626701
2023-09-04 21:00:00,7.1368,12.36774,11.478459,19.9825,22.958403
2023-09-04 22:00:00,6.9027004,11.62592,10.973801,21.7213,22.1891
2023-09-04 23:00:00,12.52462,11.042291,10.448402,22.04455,20.917261
2023-09-05 00:00:00,12.545975,10.2003765,9.144917,20.741125,22.059065
2023-09-05 01:00:00,6.918,9.586345,8.542078,18.0603,29.5864
2023-09-05 02:00:00,6.8845496,8.867251,8.007834,14.066276,15.22724
2023-09-05 03:00:00,6.8052664,8.217085,7.4178147,8.663026,5.056054
2023-09-05 04:00:00,7.02915,7.750839,6.730596,3.253225,2.0852847
2023-09-05 05:00:00,5.6839,7.598218,7.217386,1.0155004,0.9692182
2023-09-05 06:00:00,4.79465,7.4935546,6.885152,0.10789987,0.72486764
2023-09-05 07:00:00,6.66365,7.5618696,6.986807,0.7601,1.472561
2023-09-05 08:00:00,6.75745,7.872216,7.0859203,3.4446752,4.7954807
2023-09-05 09:00:00,7.0188665,8.509878,7.256268,8.998725,11.247537
2023-09-05 10:00:00,7.0598335,9.073812,7.6388116,14.281475,15.024711
2023-09-05 11:00:00,10.4594,9.748002,8.51794,18.532625,18.785364
2023-09-05 12:00:00,12.0880995,10.756289,9.842942,20.465675,19.89124
2023-09-05 13:00:00,12.4897,11.728837,11.626167,22.13655,20.715094
2023-09-05 14:00:00,12.98595,12.486007,12.386535,22.015324,21.127853
2023-09-05 15:00:00,12.943,13.175656,12.533531,20.6728,20.930664
2023-09-05 16:00:00,7.85955,13.550048,12.578778,17.968151,18.146477
2023-09-05 17:00:00,12.55252,13.56132,12.672262,9.390425,15.5516
2023-09-05 18:00:00,13.466275,13.549309,12.727411,9.434775,6.8975897
2023-09-05 18:00:00,13.466275,12.384114,11.746039,3.5519252,1.539145
2023-09-05 19:00:00,13.4676,12.190864,11.417742,1.5323755,0.9150121
2023-09-05 20:00:00,13.4689245,11.635293,11.405915,0.17952485,0.7003617
2023-09-05 21:00:00,13.797467,10.6032505,10.570907,0.77619964,1.3866342
2023-09-05 22:00:00,13.127533,9.567651,9.784724,3.513275,4.8067408
2023-09-05 23:00:00,12.4576,8.809271,9.851818,9.29465,11.932803
2023-09-06 00:00:00,11.93985,8.180949,8.922294,14.670375,16.177767
2023-09-06 01:00:00,11.707833,7.464584,7.3983464,18.37005,19.41138
2023-09-06 02:00:00,11.605,6.994062,6.8149476,20.710526,20.323174
2023-09-06 03:00:00,6.7760496,6.848725,6.9794374,21.615824,20.907831
2023-09-06 04:00:00,6.7833333,6.8914795,6.6216087,21.3714,21.193056
2023-09-06 05:00:00,6.663467,6.851272,6.808322,20.43965,20.878262
2023-09-06 06:00:00,7.1291003,6.7834263,6.793876,17.8995,16.568222
2023-09-06 07:00:00,6.7835,6.960799,6.902396,11.9468,9.063724
2023-09-06 08:00:00,6.4379,7.404663,6.5084558,6.539076,8.750515
2023-09-06 09:00:00,6.7592664,7.9282026,6.464506,3.2531002,2.6422632
2023-09-06 10:00:00,6.6703997,8.563321,6.6137147,0.99407464,1.0507582
2023-09-06 11:00:00,10.7523,9.284906,7.7786326,0.11294967,0.7147143
2023-09-06 12:00:00,12.3688,9.907523,9.600991,0.8080502,1.1164839
2023-09-06 13:00:00,13.9853,10.430372,10.846706,3.4768002,3.7555687
2023-09-06 14:00:00,12.389441,10.80081,11.114842,8.974675,8.45775
2023-09-06 15:00:00,12.916567,10.723513,10.744195,14.198525,14.778731
2023-09-06 16:00:00,10.4174,10.549636,10.058395,17.94335,18.57468
2023-09-06 17:00:00,12.795549,10.568381,10.575743,20.3804,19.972721
2023-09-06 17:00:00,12.795549,11.945285,13.39752,21.165676,20.477491
2023-09-06 18:00:00,12.523467,12.836584,13.131944,20.891026,20.640766
2023-09-06 19:00:00,12.3727665,13.363378,13.354155,22.79825,20.520376
2023-09-06 20:00:00,12.222067,13.203976,13.490128,33.289024,16.82999
2023-09-06 21:00:00,12.56646,12.739702,13.10576,26.0614,12.528012
2023-09-06 22:00:00,12.677,11.8798895,12.575011,16.113674,4.886768
2023-09-06 23:00:00,11.584675,11.244307,11.311675,6.353175,1.6783159
2023-09-07 00:00:00,9.14795,10.207758,10.302963,2.1723502,0.8987905
2023-09-07 01:00:00,11.343433,9.23224,9.494745,0.22775044,0.7013852
2023-09-07 02:00:00,9.7482,8.681863,8.035066,1.5068247,1.2278775
2023-09-07 03:00:00,9.859833,8.622239,7.7777658,6.6709003,3.6771958
2023-09-07 04:00:00,7.4536667,8.560565,8.417096,16.702126,6.8913345
2023-09-07 05:00:00,6.7546,8.328038,8.018469,13.9761505,8.97993
2023-09-07 06:00:00,6.7773,7.8537245,6.9678764,24.47935,13.610557
2023-09-07 07:00:00,7.38485,7.586183,7.3730273,31.700026,15.723818
2023-09-07 08:00:00,6.9746337,7.6692266,7.3306346,25.488825,15.628305
2023-09-07 09:00:00,9.06495,8.180694,6.3494883,28.16625,17.42359
2023-09-07 10:00:00,11.5189,9.0263195,7.220206,31.405825,22.733772
2023-09-07 11:00:00,12.06788,9.901893,9.001107,31.872375,31.151434
2023-09-07 12:00:00,11.55235,10.738223,10.745889,24.814875,26.01427
2023-09-07 13:00:00,13.9303,11.631615,11.89807,15.739175,16.981525
2023-09-07 14:00:00,12.593,11.793688,11.891647,6.4562006,4.560931
2023-09-07 15:00:00,12.887033,11.726878,13.015914,2.1290748,1.2164751
2023-09-07 16:00:00,12.4802,11.529523,13.261687,0.21414986,0.7243696
2023-09-07 16:00:00,12.4802,13.291946,13.045441,1.7280747,1.5562817
2023-09-07 17:00:00,9.53962,13.373795,13.318906,6.3981,5.560346
2023-09-07 18:00:00,12.285667,13.453189,13.319059,15.450825,16.612827
2023-09-07 19:00:00,11.8564005,13.2530365,13.602062,20.642426,15.598723
2023-09-07 20:00:00,10.981151,12.890127,13.2298765,21.944876,17.573696
2023-09-07 21:00:00,12.3564005,12.255691,13.381854,36.5978,33.955112
2023-09-07 22:00:00,11.349,11.57005,13.068058,40.12465,27.21165
2023-09-07 23:00:00,11.320875,10.796731,11.978258,40.660927,32.143536
2023-09-08 00:00:00,7.9496,9.870557,10.725291,38.15715,35.491337
2023-09-08 01:00:00,7.8531003,9.153263,9.381621,33.3711,35.493847
2023-09-08 02:00:00,7.111067,8.824893,8.615196,26.744474,28.5315
2023-09-08 03:00:00,7.26245,8.55231,8.668834,16.878302,17.132711
2023-09-08 04:00:00,6.978067,8.460295,8.426555,6.233425,7.3989196
2023-09-08 05:00:00,6.693683,8.401845,8.268259,1.8249253,1.504229
2023-09-08 06:00:00,6.75515,8.26575,8.100376,0.26085007,0.72159123
2023-09-08 07:00:00,6.1587,8.342303,8.032089,0.9760004,3.2933648
2023-09-08 08:00:00,5.4540334,8.671062,7.495786,6.2767253,12.241356
2023-09-08 09:00:00,6.9013,9.309471,7.8721714,17.66895,18.310213
2023-09-08 10:00:00,12.748167,9.940616,9.048314,28.00525,26.52345
2023-09-08 11:00:00,12.1326,10.649088,10.652923,35.5919,26.43036
2023-09-08 12:00:00,11.9487,11.503537,11.5782,40.070023,38.05609
2023-09-08 13:00:00,10.855325,12.090981,12.308033,41.2046,40.00931
2023-09-08 14:00:00,7.4189,12.33738,12.915024,40.8646,40.419636
2023-09-08 15:00:00,3.9824748,12.432779,14.291012,38.284603,39.071583
2023-09-08 15:00:00,3.9824748,9.597615,10.131952,33.400948,36.088417
2023-09-08 16:00:00,10.553425,9.896498,10.69887,26.0325,28.397547
2023-09-08 17:00:00,12.0452,10.195723,10.747946,16.2518,16.303848
2023-09-08 18:00:00,13.536975,10.472548,11.823572,5.9024,5.127754
2023-09-08 19:00:00,11.7016,10.341276,10.792083,1.6266011,1.2822124
2023-09-08 20:00:00,11.04725,9.788846,10.43843,0.20587544,0.7311391
2023-09-08 21:00:00,10.3929,9.15017,9.918393,0.6170493,1.1768628
2023-09-08 22:00:00,6.8669667,8.250212,9.267394,5.059475,4.8873687
2023-09-08 23:00:00,7.0026,7.5698915,7.8667884,16.134424,16.04106
2023-09-09 00:00:00,6.8142996,7.1093416,7.047552,27.32125,27.067778
2023-09-09 01:00:00,6.71645,7.1676474,6.750727,35.129852,36.954918
2023-09-09 02:00:00,6.8782,7.431566,6.7454615,39.730022,40.160896
2023-09-09 03:00:00,6.0821667,7.373858,6.939348,41.817677,41.508877
2023-09-09 04:00:00,5.7397003,7.1235967,6.5504584,41.925377,41.498146
2023-09-09 05:00:00,6.3506403,6.851216,7.28205,40.910774,40.08451
2023-09-09 06:00:00,6.9615803,6.627812,6.9504356,36.088978,36.317574
2023-09-09 07:00:00,6.92165,6.701055,6.478699,28.037199,27.140562
2023-09-09 08:00:00,6.2725754,7.27147,6.9318914,17.052725,16.181864
2023-09-09 09:00:00,6.6098666,8.066049,7.372752,6.1095757,5.091144
2023-09-09 10:00:00,6.5527997,8.988744,8.489487,1.4148247,1.15706
2023-09-09 11:00:00,6.8021665,10.033632,8.2260275,0.12312447,0.7097963
2023-09-09 12:00:00,6.6605496,10.439415,7.850073,0.62385005,1.120232
2023-09-09 13:00:00,7.682133,10.378121,7.891161,5.0603757,4.6836762
2023-09-09 14:00:00,9.52525,10.105792,7.5888114,16.21915,15.963164
2023-09-09 14:00:00,9.52525,7.479864,7.200874,26.91315,26.929432
2023-09-09 15:00:00,8.865867,7.413626,6.7809706,34.576675,36.460724
2023-09-09 16:00:00,8.9021,7.681206,7.2756357,39.346325,39.87753
2023-09-09 17:00:00,8.9361,8.380546,7.4918385,41.73145,41.014584
2023-09-09 18:00:00,9.11,9.071928,7.3234577,41.648727,41.044704
2023-09-09 19:00:00,9.15016,9.367166,7.176788,39.294926,40.015236
2023-09-09 20:00:00,10.3183,9.391471,7.1332006,34.92525,36.350338
2023-09-09 21:00:00,9.372325,9.102551,6.492909,27.305151,27.519371
2023-09-09 22:00:00,9.1915,8.516032,6.253831,16.978949,16.092497
2023-09-09 23:00:00,9.010674,7.9783816,6.5139294,6.1642747,5.116244
2023-09-10 00:00:00,8.362667,7.793617,6.1925936,1.402351,1.117061
2023-09-10 01:00:00,6.749825,7.7186213,6.485721,0.09407564,0.7034428
2023-09-10 02:00:00,4.7819,7.6954966,6.6566606,0.6111254,1.2328833
2023-09-10 03:00:00,6.6953335,7.5990977,6.7817173,4.9167747,4.718767
2023-09-10 04:00:00,6.6492996,7.365416,6.3969297,16.14035,15.938062
2023-09-10 05:00:00,6.7602997,6.8726153,6.645169,26.976126,26.717379
2023-09-10 06:00:00,6.70235,6.4241776,6.724508,34.72065,36.297417
2023-09-10 07:00:00,6.28326,6.2944584,6.1477137,39.1695,39.640484
2023-09-10 08:00:00,6.8027253,6.339603,6.583418,41.029102,40.995968
2023-09-10 09:00:00,6.63695,6.720419,7.2401657,41.5312,40.78553
2023-09-10 10:00:00,6.80595,7.5619984,7.614491,40.588123,38.900005
2023-09-10 11:00:00,6.5857,8.209459,7.9116316,35.937927,34.184616
2023-09-10 12:00:00,6.6503,8.538015,7.489189,27.735874,26.137138
2023-09-10 13:00:00,6.73415,8.793887,8.340595,16.934324,16.108686
2023-09-10 13:00:00,6.73415,7.771437,8.179536,5.99965,4.3119507
2023-09-10 14:00:00,6.76602,8.043709,8.116151,1.3195004,1.0519536
2023-09-10 15:00:00,7.14915,8.138541,7.9501777,0.09359908,0.6975639
2023-09-10 16:00:00,8.0105,8.442326,8.146387,0.69074947,0.9358344
2023-09-10 17:00:00,6.90835,8.855304,8.106835,4.830826,4.7324324
2023-09-10 18:00:00,7.03035,9.031015,8.609795,15.185651,15.685953
2023-09-10 19:00:00,7.429125,9.251478,7.3910484,26.120325,27.130644
2023-09-10 20:00:00,7.4739,9.341848,6.923616,33.9693,35.01603
2023-09-10 21:00:00,7.1449,9.18775,6.29974,38.325397,38.780125
2023-09-10 22:00:00,7.2992,8.727389,5.7695785,40.40115,40.084873
2023-09-10 23:00:00,7.2395,8.400251,5.9428988,41.144424,40.46868
2023-09-11 00:00:00,7.148584,8.020248,6.314352,39.807625,38.4788
2023-09-11 01:00:00,7.2232003,7.7255235,6.0674067,30.569698,33.94732
2023-09-11 02:00:00,4.8196497,7.624819,6.5695415,23.054375,26.414623
2023-09-11 03:00:00,5.7169504,7.7571163,6.734018,16.150675,16.264019
2023-09-11 04:00:00,7.2160497,7.551986,6.424577,6.0426755,4.8067846
2023-09-11 05:00:00,6.710867,7.2278075,6.377748,1.4947251,1.0100756
2023-09-11 06:00:00,6.69395,7.0558105,6.3889093,0.11509908,0.6974692
2023-09-11 07:00:00,6.5361,6.991247,6.8604856,0.6065756,1.2778101
2023-09-11 08:00:00,6.37825,6.982106,6.6059327,4.8555756,4.3478103
2023-09-11 09:00:00,5.422525,7.5141535,7.486602,15.4192,15.011137
2023-09-11 10:00:00,8.0313835,8.104943,8.569874,26.3325,26.740765
2023-09-11 11:00:00,10.7315,8.400828,9.627391,34.26415,35.73499
2023-09-11 12:00:00,8.659275,8.832047,9.906966,38.513477,39.013527
2023-09-11 12:00:00,8.659275,9.775752,7.284075,40.35705,40.163467
2023-09-11 13:00:00,12.971849,10.161348,7.3724704,40.9165,40.524372
2023-09-11 14:00:00,13.0902,10.047618,7.259446,39.49595,39.520718
2023-09-11 15:00:00,13.2085495,9.747375,6.9214454,34.746727,32.06251
2023-09-11 16:00:00,12.77246,9.71387,7.1185102,26.80575,14.268363
2023-09-11 17:00:00,12.33637,9.602777,7.4027185,15.791825,9.656538
2023-09-11 18:00:00,9.151975,9.76221,7.0162354,7.2594247,3.9411588
2023-09-11 19:00:00,13.226267,9.985877,7.185375,1.9469253,1.0848305
2023-09-11 20:00:00,13.572599,9.966995,7.10648,0.112024866,0.70181876
2023-09-11 21:00:00,13.5801,9.433925,6.8948274,0.5073755,1.2709458
2023-09-11 22:00:00,12.9541,8.585,6.0821123,4.806975,4.2624645
2023-09-11 23:00:00,12.82615,7.7983785,6.03322,16.277925,15.296311
2023-09-12 00:00:00,12.18175,7.2769613,5.847417,27.496925,27.055124
2023-09-12 01:00:00,12.1096,6.9972568,5.900666,35.184,36.247257
2023-09-12 02:00:00,11.982,7.0088468,5.9550114,39.48095,39.28085
2023-09-12 03:00:00,5.9558997,7.1177583,5.9912243,42.138927,40.256233
2023-09-12 04:00:00,6.6277003,7.191526,6.1207414,43.00205,40.525143
2023-09-12 05:00:00,6.6338997,7.2514462,6.358404,40.425674,39.95351
2023-09-12 06:00:00,6.61795,7.214072,6.222525,35.984303,37.337852
2023-09-12 07:00:00,6.5587,7.1294975,6.016387,27.947124,34.00019
2023-09-12 08:00:00,5.5209,7.3981957,5.9972563,17.277802,18.6468
2023-09-12 09:00:00,6.2257333,8.003659,6.3707466,6.00505,9.029425
2023-09-12 10:00:00,9.9054,8.891618,7.161633,1.22835,1.2813199
2023-09-12 11:00:00,11.759,9.859495,8.0085335,0.06109908,0.7011977
2023-09-12 11:00:00,11.759,10.0727415,9.4853945,0.60107464,1.0635406
2023-09-12 12:00:00,12.2977,10.742158,10.579125,4.6662507,4.3595657
2023-09-12 13:00:00,12.136533,11.376756,11.011289,15.127049,16.006676
2023-09-12 14:00:00,11.9904,11.873946,11.9705305,25.649824,27.193039
2023-09-12 15:00:00,12.74325,12.585727,12.455862,33.5168,35.83408
2023-09-12 16:00:00,12.343525,13.403844,12.871639,38.007824,39.351826
2023-09-12 17:00:00,12.712184,13.956191,12.915382,40.17825,40.849228
2023-09-12 18:00:00,13.100875,14.569495,12.872096,40.630478,41.090794
2023-09-12 19:00:00,13.0856,14.985018,13.015931,39.4679,38.99414
2023-09-12 20:00:00,13.1501,14.90003,12.976449,35.327198,33.62941
2023-09-12 21:00:00,14.3596,14.210401,12.519132,27.4821,25.749483
2023-09-12 22:00:00,14.001326,13.207503,11.993955,16.9035,15.797588
2023-09-12 23:00:00,12.6175995,12.432279,11.786432,5.9399,3.4426548
2023-09-13 00:00:00,12.3255,11.898697,11.744398,1.2665249,0.9808178
2023-09-13 01:00:00,12.2970495,11.391089,10.859473,0.07137545,0.6909106
2023-09-13 02:00:00,8.655366,10.710788,9.025883,0.6955502,0.9661528
2023-09-13 03:00:00,9.30485,9.874976,8.662102,4.84735,4.3329263
2023-09-13 04:00:00,6.6952996,9.061223,7.8253427,14.696099,15.136228
2023-09-13 05:00:00,6.6166,8.448433,7.225973,25.3348,25.978424
2023-09-13 06:00:00,6.5716333,7.9345665,6.7178187,33.2901,34.889874
2023-09-13 07:00:00,6.6355,7.6111617,7.106114,38.17473,38.677963
2023-09-13 08:00:00,6.83995,7.5385113,6.8559475,40.9167,40.05402
2023-09-13 09:00:00,6.6326003,7.979211,7.3530717,41.798603,40.124363
2023-09-13 10:00:00,8.64755,8.996763,7.13322,40.057926,37.91535
2023-09-13 10:00:00,8.64755,7.3922167,7.5621176,25.212824,28.012276
2023-09-13 11:00:00,12.511766,8.106897,8.578895,16.908949,26.322857
2023-09-13 12:00:00,12.7567005,8.574433,10.045857,16.642075,16.212675
2023-09-13 13:00:00,7.2275,9.15056,11.230838,6.2064,4.9757476
2023-09-13 14:00:00,7.5626,9.8932295,12.801653,1.3661753,0.9811401
2023-09-13 15:00:00,15.017257,10.501299,13.56598,0.074399866,0.6929711
2023-09-13 16:00:00,15.933283,10.691103,13.946468,0.5171254,1.1297652
2023-09-13 17:00:00,11.699266,10.879516,13.723186,4.7550755,4.1225796
2023-09-13 18:00:00,7.46525,11.104968,13.321386,15.482326,14.304391
2023-09-13 19:00:00,14.354224,11.32148,13.7147665,26.0564,25.61814
2023-09-13 20:00:00,13.9633665,11.570211,13.476287,33.77015,35.332943
2023-09-13 21:00:00,13.9916,11.465316,13.445859,38.3636,39.051273
2023-09-13 22:00:00,7.1686,11.111858,13.2806015,42.70555,40.4932
2023-09-13 23:00:00,10.01085,10.66744,13.021496,43.9607,40.877636
2023-09-14 00:00:00,12.485849,10.126796,12.236812,41.627148,39.853035
2023-09-14 01:00:00,12.392833,9.4751005,10.962295,37.06,33.50026
2023-09-14 02:00:00,11.1477995,8.678286,9.744406,29.0449,17.759016
2023-09-14 03:00:00,6.7637253,7.9198055,8.645209,18.135824,16.336027
2023-09-14 04:00:00,6.7637253,7.576134,7.591591,5.904425,7.3786254
2023-09-14 05:00:00,7.414875,7.4674087,7.166049,0.9777514,1.096022
2023-09-14 06:00:00,8.066025,7.243372,7.5562778,0.043625448,0.69358146
2023-09-14 07:00:00,6.6452336,6.989123,7.7527833,0.39387447,1.5974946
2023-09-14 08:00:00,8.7744665,6.803082,7.463048,4.8848004,5.1807966
2023-09-14 09:00:00,10.918099,7.044249,7.183453,16.809425,15.61327
2023-09-14 09:00:00,10.918099,8.670148,7.9851265,28.66815,27.055586
2023-09-14 10:00:00,13.061733,9.603082,9.75117,36.131725,35.913643
2023-09-14 11:00:00,12.212425,10.34457,12.175722,40.294727,39.230587
2023-09-14 12:00:00,12.5525,10.381777,12.809114,43.028873,41.330196
2023-09-14 13:00:00,11.482651,10.449835,12.613161,43.172127,41.721188
2023-09-14 14:00:00,10.4128,11.222216,13.295764,40.926147,40.45758
2023-09-14 15:00:00,13.674333,11.979999,14.628416,35.70115,36.69338
2023-09-14 16:00:00,12.055467,12.635723,14.883488,27.484125,27.867119
2023-09-14 17:00:00,12.7688,12.578372,14.620188,16.854324,16.057898
2023-09-14 18:00:00,11.56855,12.301946,13.839981,5.7696257,4.3011413
2023-09-14 19:00:00,10.6521,12.404022,14.067897,1.1298003,0.9487856
2023-09-14 20:00:00,8.9758,12.460128,14.42269,0.052226033,0.68740374
2023-09-14 21:00:00,8.987267,12.060358,13.994217,0.9632006,1.2595952
2023-09-14 22:00:00,8.9987335,11.463844,12.48882,5.35015,4.730362
2023-09-14 23:00:00,6.7421746,10.916733,10.869204,15.523049,16.141975
2023-09-15 00:00:00,6.9477997,10.889586,10.236848,26.808575,27.969677
2023-09-15 01:00:00,6.7833,10.799585,10.672203,34.3559,36.55632
2023-09-15 02:00:00,6.6868,9.925683,9.857019,36.227524,39.7979
2023-09-15 03:00:00,6.5919,8.80584,8.348668,41.940823,41.26759
2023-09-15 04:00:00,6.6221,8.37019,7.806025,43.607574,40.80805
2023-09-15 05:00:00,5.8878536,8.326295,8.547325,35.815975,30.988142
2023-09-15 06:00:00,6.37536,8.435788,8.707249,11.822525,27.47824
2023-09-15 07:00:00,6.862867,8.3069315,7.692397,7.7850747,7.870701
2023-09-15 08:00:00,6.5321,8.368039,7.7374344,5.0103755,6.335564
2023-09-15 08:00:00,6.5321,7.701531,8.071338,4.5854,2.4809878
2023-09-15 09:00:00,6.603,8.927291,8.647877,1.4440747,0.928475
2023-09-15 10:00:00,6.6774,10.379551,9.33687,0.042476032,0.68912834
2023-09-15 11:00:00,6.55345,11.252815,9.584253,0.115675256,1.0127103
2023-09-15 12:00:00,6.7806334,11.258923,9.858255,4.2928753,11.839367
2023-09-15 13:00:00,7.8871665,11.153816,10.473954,15.8497,12.780022
2023-09-15 14:00:00,8.8483,11.324944,9.878612,27.0765,32.710247
2023-09-15 15:00:00,8.848599,12.101901,10.235564,35.088875,18.890682
2023-09-15 16:00:00,9.994017,12.31323,10.372642,39.58865,27.399279
2023-09-15 17:00:00,10.474733,11.82721,10.0466385,43.560448,41.240353
2023-09-15 18:00:00,12.058366,11.423692,10.797101,43.405643,41.808136
2023-09-15 19:00:00,9.2359,11.244155,10.042198,41.53735,39.881718
2023-09-15 20:00:00,8.9209,10.663663,10.176148,36.440926,26.0099
2023-09-15 21:00:00,6.776067,9.725547,10.198119,27.303375,8.006481
2023-09-15 22:00:00,7.2665,8.525712,9.190081,5.1340504,6.241687
2023-09-15 23:00:00,6.97425,7.766451,8.711373,2.5334752,2.150558
2023-09-16 00:00:00,6.758625,7.642916,8.738525,0.37852487,0.7408598
2023-09-16 01:00:00,6.543,7.444887,8.380758,0.5856742,0.9104848
2023-09-16 02:00:00,6.345825,6.9621844,8.274308,4.9496,3.3155951
2023-09-16 03:00:00,6.5902667,6.1902328,7.7288847,16.3851,15.822253
2023-09-16 04:00:00,6.1177,5.8301635,7.3924813,27.304699,26.804707
2023-09-16 05:00:00,6.6354,5.9871397,7.6441584,35.334198,35.614475
2023-09-16 06:00:00,6.620933,6.242421,7.4848576,39.008823,39.353188
2023-09-16 07:00:00,6.6184,6.420547,6.9784503,40.7692,41.351917
2023-09-16 07:00:00,6.6184,6.235571,5.819625,43.121075,41.303837
2023-09-16 08:00:00,6.6443334,6.4440756,5.990181,42.676525,40.3327
2023-09-16 09:00:00,6.5699,7.0151587,6.413606,35.649876,26.601503
2023-09-16 10:00:00,6.5842004,7.9278092,6.76725,13.824901,30.390335
2023-09-16 11:00:00,6.5857997,8.528349,7.394859,16.569975,5.1087728
2023-09-16 12:00:00,6.5874,8.531914,7.356397,6.4856753,1.8093686
2023-09-16 13:00:00,6.6332,8.331841,7.207243,1.0762504,0.7563032
2023-09-16 14:00:00,6.855375,8.844771,7.053607,0.17105025,1.1515952
2023-09-16 15:00:00,7.2149,9.6395035,7.7420936,4.6651754,3.6958022
2023-09-16 16:00:00,7.9998336,10.078558,8.558347,16.07355,16.086369
2023-09-16 17:00:00,9.757575,10.222846,8.067583,27.7975,27.11034
2023-09-16 18:00:00,9.166901,10.174685,7.750348,35.689022,29.261705
2023-09-16 19:00:00,8.576224,10.028088,8.299916,39.852226,38.889294
2023-09-16 20:00:00,8.843734,9.835352,8.089259,31.72755,39.765823
2023-09-16 21:00:00,6.815567,9.306607,6.6045265,32.196125,35.262806
2023-09-16 22:00:00,6.829867,8.566808,6.813296,30.242075,34.511707
2023-09-16 23:00:00,6.794,8.106692,6.6255693,21.802801,30.322424
2023-09-17 00:00:00,6.7082996,8.082861,6.634986,15.244625,15.349793
2023-09-17 01:00:00,6.7934504,8.195628,6.3581,14.10675,15.735051
2023-09-17 02:00:00,5.9336667,7.8573976,6.1555653,5.07785,4.6848764
2023-09-17 03:00:00,6.74465,7.1795835,5.9502106,0.39322507,0.92678267
2023-09-17 04:00:00,6.77785,6.8337765,5.964197,0.12914889,0.98983735
2023-09-17 05:00:00,6.7531,6.8402724,5.8850956,3.8874497,3.5765474
2023-09-17 06:00:00,6.659,7.0896378,5.6987343,12.408,15.877709
2023-09-17 06:00:00,6.659,7.013128,6.026233,27.51945,27.7902
2023-09-17 07:00:00,6.6812,7.2004027,6.847811,37.092148,28.269371
2023-09-17 08:00:00,6.5778,7.564225,6.9075055,31.198574,39.500355
2023-09-17 09:00:00,6.233125,8.230273,7.7391357,34.000725,17.206116
2023-09-17 10:00:00,6.888,8.836477,7.88342,30.206324,26.736097
2023-09-17 11:00:00,7.542875,9.0184965,7.849348,29.4814,14.791398
2023-09-17 12:00:00,6.6089,8.784732,7.2550597,10.8463,15.8328285
2023-09-17 13:00:00,6.5443997,8.695877,6.9820714,22.514349,12.844132
2023-09-17 14:00:00,6.6629,9.020907,8.157994,14.92595,15.053201
2023-09-17 15:00:00,6.61225,9.5379715,7.885265,3.9950502,3.6527212
2023-09-17 16:00:00,6.7259502,9.868519,8.788638,0.40477487,0.7596225
2023-09-17 17:00:00,6.9265,9.833205,8.083083,0.24477486,0.81046134
2023-09-17 18:00:00,6.7186804,9.549045,8.223994,4.542975,2.82602
2023-09-17 19:00:00,6.913,9.294144,8.647954,13.99195,9.52997
2023-09-17 20:00:00,7.10732,8.881985,7.6504145,24.063725,22.187601
2023-09-17 21:00:00,6.9864,8.150466,7.6162243,35.975353,36.75926
2023-09-17 22:00:00,6.7047997,7.4526253,6.843685,38.57477,28.42039
2023-09-17 23:00:00,7.424033,7.15863,7.096156,42.86355,17.316711
2023-09-18 00:00:00,7.2569504,7.3090773,7.238781,27.681099,24.041315
2023-09-18 01:00:00,7.1372004,7.425841,7.0407724,28.155651,26.88537
2023-09-18 02:00:00,6.205975,7.1824007,7.0699983,19.143074,11.14426
2023-09-18 03:00:00,5.1603,6.658298,6.9744983,15.402349,5.2163444
2023-09-18 04:00:00,7.1997337,6.25518,6.5175376,9.92745,5.4887233
2023-09-18 05:00:00,7.1962004,6.391853,6.307751,3.6736996,1.8892368
2023-09-18 05:00:00,7.1962004,6.6867805,6.55856,0.62197506,0.76222897
2023-09-18 06:00:00,7.06895,6.819055,6.271547,0.106975056,1.8254077
2023-09-18 07:00:00,5.116,6.9984627,6.3614526,3.9860747,3.8678637
2023-09-18 08:00:00,6.36252,7.231216,6.9472823,14.924675,14.002043
2023-09-18 09:00:00,6.9646,7.4780054,7.658822,26.119225,30.376347
2023-09-18 10:00:00,7.724,7.4833183,8.191883,34.112125,37.572407
2023-09-18 11:00:00,8.4834,7.462598,8.791708,38.9292,39.23284
2023-09-18 12:00:00,10.179675,7.5151114,9.366009,41.887802,41.546776
2023-09-18 13:00:00,14.31608,7.600593,9.372329,43.38142,32.917004
2023-09-18 14:00:00,14.9957,7.677483,9.856901,40.861073,34.13559
2023-09-18 15:00:00,13.6984005,7.9319034,10.167081,35.30845,26.624866
2023-09-18 16:00:00,13.2305,8.091338,10.309885,22.9042,19.759865
2023-09-18 17:00:00,11.8500595,8.154388,10.035443,13.726,12.2494955
2023-09-18 18:00:00,10.272349,8.075284,9.861933,5.0553255,1.931023
2023-09-18 19:00:00,13.267799,7.891933,8.8073635,0.9052514,0.81339884
2023-09-18 20:00:00,11.565559,7.4873533,8.120517,0.123601034,1.0002475
2023-09-18 21:00:00,11.937679,7.110211,7.6578603,3.97735,3.1480043
2023-09-18 22:00:00,12.3098,6.8939056,7.4729505,15.1264,15.094314
2023-09-18 23:00:00,9.7214,6.9504204,7.125591,26.296724,26.326908
2023-09-19 00:00:00,7.133,6.9900627,6.869487,34.290127,34.724117
2023-09-19 01:00:00,7.118,7.014729,6.428228,39.2122,38.89172
2023-09-19 02:00:00,6.9670334,6.8882556,6.506634,41.412075,34.24709
2023-09-19 03:00:00,6.9042997,6.728965,6.564907,30.740425,41.147377
2023-09-19 04:00:00,5.90735,6.7900248,6.8442655,42.93755,39.33975
2023-09-19 04:00:00,5.90735,6.918527,6.8915687,36.593052,34.22897
2023-09-19 05:00:00,5.4037004,7.0883827,7.455338,25.624725,20.144087
2023-09-19 06:00:00,7.073,7.2634654,7.6820803,14.088901,14.802296
2023-09-19 07:00:00,6.907025,7.3770523,7.7222013,3.9859498,3.4441118
2023-09-19 08:00:00,6.8944,7.67483,7.4945936,0.40097603,0.8830629
2023-09-19 09:00:00,7.4097004,8.149413,7.586663,0.09002584,1.1369575
2023-09-19 10:00:00,5.1789,8.88498,8.189188,5.3787503,3.2625406
2023-09-19 11:00:00,8.3689,9.969597,9.636069,15.540276,15.40897
2023-09-19 12:00:00,11.76455,11.135268,11.215564,27.586124,27.12693
2023-09-19 13:00:00,11.269466,12.049545,12.321302,35.085552,34.766365
2023-09-19 14:00:00,13.0584,12.709169,12.66512,40.078022,38.96722
2023-09-19 15:00:00,10.588651,12.982917,12.799612,42.744297,40.7225
2023-09-19 16:00:00,13.54782,13.206987,12.228033,44.562546,33.53032
2023-09-19 17:00:00,13.31374,13.253094,11.998258,42.35315,40.00789
2023-09-19 18:00:00,13.07966,13.172068,11.718659,36.252228,35.692345
2023-09-19 19:00:00,13.7754,12.986933,11.618656,26.847052,23.306034
2023-09-19 20:00:00,13.5736,12.6395035,11.401081,13.704925,14.9404955
2023-09-19 21:00:00,13.1966,12.017574,10.949037,3.2056997,2.0727446
2023-09-19 22:00:00,13.002733,11.306353,10.702587,0.7257748,0.76137346
2023-09-19 23:00:00,13.1005335,10.36893,9.374839,0.10730025,1.6840727
2023-09-20 00:00:00,12.732201,9.290436,8.261595,3.8145747,4.0674343
2023-09-20 01:00:00,11.691,8.476477,8.128003,15.211901,15.641893
2023-09-20 02:00:00,7.0391498,7.85337,7.6221523,26.938475,27.400967
2023-09-20 03:00:00,7.0108666,7.6895823,7.4349065,35.16605,35.309845
2023-09-20 03:00:00,7.0108666,7.7750325,8.456273,40.3449,39.322304
2023-09-20 04:00:00,7.07415,7.678849,8.201318,42.45725,40.79751
2023-09-20 05:00:00,4.93965,7.6071844,8.657957,44.60523,41.386494
2023-09-20 06:00:00,4.828,7.515197,8.560809,41.921696,39.20828
2023-09-20 07:00:00,6.8064,7.0470104,8.545576,36.0168,34.534756
2023-09-20 08:00:00,6.83646,6.5898886,8.92165,27.03755,23.174608
2023-09-20 09:00:00,6.986,6.4551396,8.883892,13.762625,8.67108
2023-09-20 10:00:00,8.2248,6.4762955,9.440835,4.85085,1.7216411
2023-09-20 11:00:00,8.3146,7.004385,10.432152,0.27292526,0.83911175
2023-09-20 12:00:00,11.060599,7.8120337,11.876267,0.07314987,1.4559156
2023-09-20 13:00:00,13.213799,8.80521,13.024222,4.24215,2.9459732
2023-09-20 14:00:00,13.621333,9.9069805,13.465301,15.949349,15.415523
2023-09-20 15:00:00,12.6798,10.568349,13.600852,27.368975,27.548754
2023-09-20 16:00:00,12.532,10.889719,13.2822895,35.25305,36.36123
2023-09-20 17:00:00,12.724866,11.016623,13.544857,40.118977,39.78652
2023-09-20 18:00:00,12.917733,11.132365,13.686504,42.264275,40.867027
2023-09-20 19:00:00,12.4195,11.437954,13.655991,28.5686,41.75217
2023-09-20 20:00:00,12.944233,11.626694,13.142111,39.90235,39.879
2023-09-20 21:00:00,13.4689665,11.795465,12.934886,36.56555,35.303684
2023-09-20 22:00:00,7.383,11.849628,12.707227,27.083626,24.850134
2023-09-20 23:00:00,11.6166,11.435325,12.381423,13.448225,12.671834
2023-09-21 00:00:00,11.942901,10.707415,11.086151,3.2567506,3.43256
2023-09-21 01:00:00,11.029224,9.720158,9.354943,0.19239986,0.7336078
2023-09-21 02:00:00,7.1119,8.733525,7.903738,0.10144967,1.704523
2023-09-21 02:00:00,7.1119,9.312231,8.589585,5.183201,4.2013736
2023-09-21 03:00:00,6.7547,8.720668,7.408657,15.637175,17.38955
2023-09-21 04:00:00,7.04035,8.519756,7.515857,27.14965,28.23923
2023-09-21 05:00:00,6.846467,8.543777,7.7614975,35.1329,31.756266
2023-09-21 06:00:00,6.85635,8.579317,7.9214263,30.12565,35.118496
2023-09-21 07:00:00,6.4937,8.842127,8.150918,42.9165,38.26306
2023-09-21 08:00:00,7.0319667,9.107288,8.166327,43.40925,38.832554
2023-09-21 09:00:00,7.0702,9.46555,8.853685,40.594772,35.712418
2023-09-21 10:00:00,6.6094503,9.944527,9.124551,33.591602,27.08999
2023-09-21 11:00:00,10.74275,10.438957,10.105998,25.847925,26.39451
2023-09-21 12:00:00,12.474466,10.989697,11.194442,14.367425,7.0755076
2023-09-21 13:00:00,11.673375,11.821679,12.372707,2.6058998,4.6002526
2023-09-21 14:00:00,8.04535,12.54947,13.562563,0.21872506,3.970807
2023-09-21 15:00:00,13.3882,12.811928,13.679447,1.6021001,2.6897876
2023-09-21 16:00:00,12.8887005,12.704215,13.803311,9.0166,10.302998
2023-09-21 17:00:00,12.500401,12.513548,14.08848,17.265175,15.854592
2023-09-21 18:00:00,12.9519005,12.369331,13.776898,15.700174,27.989996
2023-09-21 19:00:00,12.621533,12.137074,13.210763,27.26895,29.256433
2023-09-21 20:00:00,12.736466,11.850056,13.23094,33.833397,6.918296
2023-09-21 21:00:00,12.468901,11.589962,13.457771,18.225468,7.212012
2023-09-21 22:00:00,7.4641333,11.069581,12.967618,7.0316796,27.748909
2023-09-21 23:00:00,12.0618,10.674862,12.153483,15.6896,27.524729
2023-09-22 00:00:00,11.960033,10.25127,11.526661,18.77956,14.335404
2023-09-22 01:00:00,12.3599,9.601416,10.246755,9.014925,9.221092
2023-09-22 01:00:00,12.3599,9.761869,8.450049,1.2375503,1.136311
2023-09-22 02:00:00,11.658,8.889378,7.5696344,3.4263003,5.903862
2023-09-22 03:00:00,5.4361,8.575376,7.4948597,13.254434,15.946016
2023-09-22 04:00:00,7.26705,8.460983,7.637143,27.75116,25.970636
2023-09-22 05:00:00,7.0664,8.502174,7.164492,37.831326,26.61223
2023-09-22 06:00:00,7.0933,8.4980755,6.77851,44.768967,37.646606
2023-09-22 07:00:00,7.9339,8.555768,7.174886,47.27785,39.345695
2023-09-22 08:00:00,9.962267,8.646865,8.23009,45.326447,32.14637
2023-09-22 09:00:00,11.546451,8.930993,8.371787,41.9232,24.37396
2023-09-22 10:00:00,12.360849,9.350009,8.794,36.859238,21.47131
2023-09-22 11:00:00,12.2327,9.806624,9.094969,24.946375,16.375124
2023-09-22 12:00:00,12.11035,10.4522,10.725413,11.394,9.246897
2023-09-22 13:00:00,11.988,11.400378,12.329531,1.3132007,0.96849555
2023-09-22 14:00:00,12.438621,12.043771,11.955451,0.03007955,0.67849165
2023-09-22 15:00:00,12.88924,12.339813,12.013642,2.8886,2.343608
2023-09-22 16:00:00,13.4617,12.434629,12.36211,14.751599,13.580905
2023-09-22 17:00:00,10.521033,12.436139,12.238762,28.17925,27.972332
2023-09-22 18:00:00,6.80495,12.40902,11.680984,38.77452,38.33132
2023-09-22 19:00:00,12.156234,12.476182,11.299222,44.746464,41.735477
2023-09-22 20:00:00,12.07275,12.441463,11.804403,47.1307,42.91544
2023-09-22 21:00:00,12.07275,12.074884,11.983807,46.78994,41.850906
2023-09-22 22:00:00,9.2003,11.607354,11.204005,43.201847,39.951656
2023-09-22 23:00:00,11.82,11.250705,11.050112,37.001568,35.791523
2023-09-23 00:00:00,12.154401,10.6409025,10.200287,27.742624,25.638718
2023-09-23 00:00:00,12.154401,10.856312,9.187841,14.050526,11.646097
2023-09-23 01:00:00,11.891325,10.398692,8.943388,2.3313003,0.9876684
2023-09-23 02:00:00,11.6317005,9.931013,7.9055185,2.1345668,2.016898
2023-09-23 03:00:00,8.8636,9.413565,6.969456,16.08674,14.187103
2023-09-23 04:00:00,4.8281,9.330521,7.050027,30.101252,26.518702
2023-09-23 05:00:00,7.3715334,9.583268,6.7093334,38.794125,38.06121
2023-09-23 06:00:00,7.18848,10.008425,7.5069823,43.124,41.320847
2023-09-23 07:00:00,7.15994,10.385277,7.2888455,46.016655,42.349045
2023-09-23 08:00:00,7.1314,10.629984,7.3228874,43.738823,42.061863
2023-09-23 09:00:00,9.407,10.99314,7.9534116,41.951897,40.26824
2023-09-23 10:00:00,9.28295,11.147421,8.048743,36.0325,35.729324
2023-09-23 11:00:00,9.4002,11.322101,8.090608,25.177279,25.157696
2023-09-23 12:00:00,9.379,11.72915,8.255136,10.359125,8.194654
2023-09-23 13:00:00,9.4431505,12.055472,8.353246,1.3921753,1.2829252
2023-09-23 14:00:00,9.30495,12.367529,9.100876,3.9429,2.2947505
2023-09-23 15:00:00,8.51884,12.60508,9.216196,16.61915,13.477069
2023-09-23 16:00:00,9.9247,12.568155,9.090805,26.824776,26.826607
2023-09-23 17:00:00,9.8075,12.11084,8.840462,38.59575,31.76896
2023-09-23 18:00:00,9.6903,11.65514,8.604807,39.312824,37.402557
2023-09-23 19:00:00,9.8623,11.442209,8.507086,43.407894,41.275745
2023-09-23 20:00:00,9.59575,11.210949,8.60298,38.55205,38.2717
2023-09-23 21:00:00,9.60535,10.973219,8.362534,38.6265,38.26144
2023-09-23 22:00:00,9.4711,10.694868,8.269808,33.2462,29.01763
2023-09-23 23:00:00,6.098225,10.539109,8.423899,20.157375,15.313695
2023-09-23 23:00:00,6.098225,9.429953,6.952806,9.06915,7.3299417
2023-09-24 00:00:00,9.287933,9.583341,7.497366,1.0198666,1.008309
2023-09-24 01:00:00,9.7638,9.319445,7.6032767,0.34787545,1.8833579
2023-09-24 02:00:00,9.424467,8.44018,7.7549014,2.277475,5.996901
2023-09-24 03:00:00,9.27845,7.578926,8.34661,2.38115,6.570316
2023-09-24 04:00:00,4.8687997,6.9928803,8.4369755,1.9464751,7.1154704
2023-09-24 05:00:00,5.6549835,6.9723825,8.477158,3.9929254,6.8116446
2023-09-24 06:00:00,6.395117,6.9321613,8.732042,4.249076,6.1049643
2023-09-24 07:00:00,7.13525,6.8912015,9.261286,4.3509507,5.968905
2023-09-24 08:00:00,5.9602003,7.102453,8.147003,5.0456,6.402236
2023-09-24 09:00:00,6.8976,7.5248337,8.277754,3.1352506,8.246825
2023-09-24 10:00:00,6.6973,7.8773193,8.549594,2.539225,7.778567
2023-09-24 11:00:00,7.32115,8.029529,8.795229,0.8967748,5.164604
2023-09-24 12:00:00,7.1216,8.176567,9.304092,0.06487545,0.9122065
2023-09-24 13:00:00,7.10895,8.583011,8.008914,0.21497408,3.4924479
2023-09-24 14:00:00,7.1479,9.217852,7.7049737,1.0866753,18.705643
2023-09-24 15:00:00,5.1235,10.0368185,8.201751,8.979151,11.656395
2023-09-24 16:00:00,5.95605,10.588539,8.42912,10.693475,16.641405
2023-09-24 17:00:00,6.9302335,10.649768,7.902119,19.462051,15.977175
2023-09-24 18:00:00,6.9828997,10.563506,7.575869,15.996375,18.081451
2023-09-24 19:00:00,7.1286,10.63116,7.783238,24.741,15.660282
2023-09-24 20:00:00,6.529225,10.566141,8.507831,40.349926,17.96857
2023-09-24 21:00:00,6.6284084,10.232545,8.262282,18.729324,7.5491714
2023-09-24 22:00:00,6.64032,9.815363,7.7981286,9.739076,4.6211333
2023-09-24 22:00:00,6.64032,6.327091,6.752047,4.89315,1.5342398
2023-09-24 23:00:00,6.95135,6.8295927,6.4861426,0.7020756,0.6916684
2023-09-25 00:00:00,6.922,7.545701,6.5021014,2.8997798,3.8198383
2023-09-25 01:00:00,5.87185,7.7768707,6.889119,0.26327586,0.83315474
2023-09-25 02:00:00,4.87575,7.616859,6.8574195,7.7559,4.052729
2023-09-25 03:00:00,6.84255,6.8414187,6.984871,15.33935,14.57891
2023-09-25 04:00:00,6.763767,6.3863754,6.2610264,22.73965,11.400584
2023-09-25 05:00:00,6.8677,6.4139667,6.6492863,14.202701,18.28523
2023-09-25 06:00:00,7.271567,6.602907,6.389306,38.233948,15.859413
2023-09-25 07:00:00,4.909,6.7902265,7.205369,32.886803,16.426487
2023-09-25 08:00:00,6.599433,7.217634,7.2256827,22.267225,5.9391956
2023-09-25 09:00:00,6.7426,7.662927,7.597787,7.3492503,1.3978803
2023-09-25 10:00:00,6.6912336,7.9467816,8.932904,0.54436666,2.009977
2023-09-25 11:00:00,6.8692,7.8245997,9.645512,1.8862749,3.322568
2023-09-25 12:00:00,6.7453,7.541724,10.211566,12.9431505,9.324559
2023-09-25 13:00:00,14.5354,7.224419,10.554409,26.565275,21.006233
2023-09-25 14:00:00,14.2246,7.4417562,10.479142,35.651978,25.480192
2023-09-25 15:00:00,11.3215,8.095563,12.131848,40.79265,27.415316
2023-09-25 16:00:00,13.7689,8.456395,11.703528,41.984932,21.412182
2023-09-25 17:00:00,12.779201,8.37632,11.877085,41.02085,15.874414
2023-09-25 18:00:00,12.1998,8.297076,11.80791,30.680475,27.187395
2023-09-25 19:00:00,11.73,8.216258,11.759638,19.65325,19.82796
2023-09-25 20:00:00,11.8706,8.048077,10.997076,11.626326,8.108631
2023-09-25 21:00:00,11.375151,7.737906,11.374804,4.2193003,3.7962115
2023-09-25 21:00:00,11.375151,11.260528,13.1242485,1.2603003,0.7942524
2023-09-25 22:00:00,11.425967,10.67464,11.827086,0.2579487,0.9135805
2023-09-25 23:00:00,9.691,10.419347,11.742747,7.911475,7.6890497
2023-09-26 00:00:00,7.4305,10.041382,11.684947,25.792974,24.034328
2023-09-26 01:00:00,6.889567,9.301264,10.2364855,35.289375,34.466473
2023-09-26 02:00:00,6.91205,8.201227,9.4995365,39.642826,38.157814
2023-09-26 03:00:00,6.7784,7.4181304,7.6488304,41.320522,39.507336
2023-09-26 04:00:00,6.679633,6.8535786,7.103903,41.790478,38.884422
2023-09-26 05:00:00,6.6291003,6.8205094,7.1425624,38.564674,28.894789
2023-09-26 06:00:00,6.607725,7.074737,7.525024,26.89835,25.327084
2023-09-26 07:00:00,6.5747004,7.4149556,7.3409295,18.174776,9.727785
2023-09-26 08:00:00,6.70442,7.903219,7.5329547,3.0986753,2.598106
2023-09-26 09:00:00,6.70442,8.627547,8.033891,0.15967427,0.69499946
2023-09-26 10:00:00,6.6763167,9.341809,8.956029,0.21072505,0.8750815
2023-09-26 11:00:00,6.6763167,10.002146,9.542142,7.9870996,6.283447
2023-09-26 12:00:00,6.64955,10.553305,9.869517,26.652552,23.29702
2023-09-26 13:00:00,6.859933,11.495492,11.309544,35.923874,33.687157
2023-09-26 14:00:00,12.720401,12.555741,12.56996,40.793926,37.37613
2023-09-26 15:00:00,12.944651,13.304556,13.715738,42.610626,38.37731
2023-09-26 16:00:00,13.273867,13.745482,14.26538,41.8069,38.748425
2023-09-26 17:00:00,13.533106,13.732647,14.146651,38.030174,35.8134
2023-09-26 18:00:00,8.0542,13.475623,13.996334,30.086,23.331364
2023-09-26 19:00:00,7.55695,13.220082,14.367849,18.22665,10.387748
2023-09-26 20:00:00,7.0597,12.771113,13.377915,4.924525,1.5664331
2023-09-26 20:00:00,7.0597,8.933535,9.985626,0.16357563,0.7107788
2023-09-26 21:00:00,6.5624504,8.910938,10.249208,0.34877488,0.83443207
2023-09-26 22:00:00,6.59965,8.751708,9.854887,6.4593005,5.906449
2023-09-26 23:00:00,6.63685,8.437318,10.162917,22.896275,23.02906
2023-09-27 00:00:00,6.5659666,7.6686926,7.114965,32.790897,33.0375
2023-09-27 01:00:00,7.0102334,6.454696,6.849695,37.432976,37.20107
2023-09-27 02:00:00,6.5543,5.659401,5.745403,38.394024,38.259026
2023-09-27 03:00:00,5.5139,4.9833493,4.8979883,37.893726,35.73242
2023-09-27 04:00:00,6.5332003,4.613185,4.692907,33.773624,30.887234
2023-09-27 05:00:00,7.5525,4.862395,5.252829,26.521776,19.413687
2023-09-27 06:00:00,6.5537333,5.6080174,5.249587,17.335026,10.095807
2023-09-27 07:00:00,6.5104504,6.241534,5.0042458,4.88485,2.2659273
2023-09-27 08:00:00,5.1529503,6.5553536,5.0111427,0.07130025,0.7115512
2023-09-27 09:00:00,6.794,6.6795783,5.2773466,0.27152488,1.3295552
2023-09-27 10:00:00,6.5719,6.799735,5.4319,6.7748003,5.6930895
2023-09-27 11:00:00,6.54705,6.808619,5.3894744,25.22925,22.852068
2023-09-27 12:00:00,7.1734,7.1601286,5.3766603,34.659775,35.43225
2023-09-27 13:00:00,8.34295,8.077328,5.887588,39.7184,38.54941
2023-09-27 14:00:00,8.92135,8.939497,6.2794557,40.90225,39.176003
2023-09-27 15:00:00,10.97985,9.354111,6.4443517,41.4485,38.965492
2023-09-27 16:00:00,13.7126,9.774999,6.093845,38.066273,35.67056
2023-09-27 17:00:00,13.1182995,9.423296,6.2828655,31.194675,28.11997
2023-09-27 18:00:00,12.086033,8.551816,6.328173,19.646801,12.432063
2023-09-27 19:00:00,12.4059,7.8782887,6.8157506,5.7095757,2.2546139
2023-09-27 19:00:00,12.4059,10.925689,10.961943,0.038449664,0.6929555
2023-09-27 20:00:00,11.592616,10.554328,10.699799,0.21805122,1.0354917
2023-09-27 21:00:00,11.324275,10.470274,11.042647,5.3805757,5.5660257
2023-09-27 22:00:00,8.988366,10.42631,10.530835,22.6995,23.075714
2023-09-27 23:00:00,5.3979497,10.352227,8.473788,33.137226,33.74722
2023-09-28 00:00:00,6.46815,9.8312435,7.017686,38.85705,37.607037
2023-09-28 01:00:00,6.9217997,9.236353,6.2933927,36.17915,38.01844
2023-09-28 02:00:00,6.8768997,8.329726,5.9565635,37.79865,37.88022
2023-09-28 03:00:00,6.8226666,7.5301824,5.7231936,36.122475,33.67855
2023-09-28 04:00:00,6.768433,6.90326,5.957685,28.897474,23.697828
2023-09-28 05:00:00,6.9354,6.7124357,6.187749,17.286724,13.421583
2023-09-28 06:00:00,6.7193666,6.886145,6.006529,4.2363005,2.4233248
2023-09-28 07:00:00,6.73435,7.2785053,6.553256,0.029824667,0.68636566
2023-09-28 08:00:00,6.7458,7.5566616,6.3554416,0.26760006,0.7870336
2023-09-28 09:00:00,6.7604,7.8137064,7.0347705,5.1955504,3.7724926
2023-09-28 10:00:00,6.72345,7.9705873,8.122091,22.439,18.291368
2023-09-28 11:00:00,6.6877003,8.253206,8.653837,32.878353,28.965832
2023-09-28 12:00:00,6.8375,8.941445,8.692848,37.923573,34.80218
2023-09-28 13:00:00,6.7615,9.896774,10.492807,40.22355,32.675377
2023-09-28 14:00:00,6.7078333,10.835314,11.989605,38.597675,35.12257
2023-09-28 15:00:00,6.65,11.852548,12.097846,33.981377,31.039558
2023-09-28 16:00:00,6.8276,12.5499,12.516528,26.3055,18.15334
2023-09-28 17:00:00,12.259,12.8012,11.9707,14.968525,8.866893
2023-09-28 18:00:00,11.699833,12.650876,11.911831,3.5072749,2.0206256
2023-09-28 18:00:00,11.699833,11.005281,11.040665,0.030874472,0.6846342
2023-09-28 19:00:00,11.0576,10.865721,10.721534,0.2948989,1.0403277
2023-09-28 20:00:00,9.61775,10.849529,10.392032,4.2183256,3.8557885
2023-09-28 21:00:00,6.7379,10.4424925,9.622437,20.6814,19.29185
2023-09-28 22:00:00,8.0817,10.289076,8.618919,31.632425,31.264893
2023-09-28 23:00:00,7.7082,10.042444,8.42582,37.3162,35.976944
2023-09-29 00:00:00,6.830875,9.904997,7.728618,39.5033,37.750744
2023-09-29 01:00:00,5.283625,9.669015,7.3349175,38.621273,36.67597
2023-09-29 02:00:00,6.6171002,9.317182,6.6033998,34.469273,31.039907
2023-09-29 03:00:00,6.86985,8.9048,6.9361424,26.70995,18.02232
2023-09-29 04:00:00,7.8430834,8.260944,6.4320483,14.837725,9.444601
2023-09-29 05:00:00,6.8967004,7.6198106,6.626579,3.0960004,1.682937
2023-09-29 06:00:00,5.7222004,7.516639,6.0860577,0.17610005,1.3862085
2023-09-29 07:00:00,6.86845,7.4899373,6.0364246,4.6650505,3.3686588
2023-09-29 08:00:00,6.7101,7.48979,5.8280697,23.262224,19.32225
2023-09-29 09:00:00,6.7049,7.390035,6.18424,34.152103,34.31252
2023-09-29 10:00:00,6.728,7.3520417,6.475445,39.101948,38.075726
2023-09-29 11:00:00,6.65165,7.4780254,6.8493314,40.674023,39.030006
2023-09-29 12:00:00,6.6812,7.5557137,7.211278,39.700226,38.188213
2023-09-29 13:00:00,6.6841,7.7436943,7.4966626,36.22785,33.01111
2023-09-29 14:00:00,7.3103337,8.140579,7.8996816,29.230099,22.146479
2023-09-29 15:00:00,8.729934,8.428144,8.723276,17.615599,12.587103
2023-09-29 16:00:00,9.2266,8.891046,8.464988,3.7959752,1.5371841
2023-09-29 17:00:00,9.2953,9.462211,8.647991,0.06657467,1.359021
2023-09-29 17:00:00,9.2953,9.313674,8.397832,4.351425,3.5025883
2023-09-29 18:00:00,10.667075,9.305623,8.077082,22.882675,21.321568
2023-09-29 19:00:00,8.8773,9.130099,7.084197,33.92625,34.856094
2023-09-29 20:00:00,7.6259,8.759527,6.954993,39.521873,38.25859
2023-09-29 21:00:00,7.03345,8.51062,7.213866,41.571022,38.966927
2023-09-29 22:00:00,7.159,8.085034,7.155008,40.756977,38.112774
2023-09-29 23:00:00,7.0785,7.9515057,6.906942,37.568073,34.074554
2023-09-30 00:00:00,6.9637003,7.7124166,6.842428,30.149176,25.672531
2023-09-30 01:00:00,6.695067,7.5874577,6.687281,18.66325,14.019887
2023-09-30 02:00:00,6.133067,7.3181043,6.2977877,4.2705503,1.8165698
2023-09-30 03:00:00,6.9815,6.9817667,6.29764,0.06907467,0.93064106
2023-09-30 04:00:00,6.6751666,6.596281,6.5665274,3.2361498,3.609559
2023-09-30 05:00:00,7.1386776,6.5138254,6.565843,23.097475,19.971895
2023-09-30 06:00:00,6.6525,6.6271114,6.8872504,34.9296,34.742027
2023-09-30 07:00:00,6.61585,6.985836,7.205142,39.723324,38.56835
2023-09-30 08:00:00,7.0812597,7.1983,7.1187935,41.44175,39.485546
2023-09-30 09:00:00,7.1713,7.456102,7.2209287,40.2467,38.745316
2023-09-30 10:00:00,6.597,7.8418,7.3779635,36.9961,34.648365
2023-09-30 11:00:00,6.5807004,8.117569,7.748634,29.584875,26.14391
2023-09-30 12:00:00,6.6106663,8.320257,7.9189377,18.451025,14.378169
2023-09-30 13:00:00,6.62745,8.879748,9.096594,3.7148755,2.0362191
2023-09-30 14:00:00,6.81,9.399494,10.968355,0.09400045,0.8710795
2023-09-30 15:00:00,6.965,9.905606,11.502355,3.909475,2.655812
2023-09-30 16:00:00,7.0128503,10.511984,11.82971,22.26555,19.045874
2023-09-30 16:00:00,7.0128503,8.305462,7.091876,33.84845,33.4847
2023-09-30 17:00:00,8.30355,8.601101,7.1710196,36.99405,37.152782
2023-09-30 18:00:00,8.4782,8.399381,6.983569,40.354103,38.259575
2023-09-30 19:00:00,4.8816,7.9018936,7.0496216,38.8615,37.342743
2023-09-30 20:00:00,7.2145,7.484006,6.832035,34.918427,33.419827
2023-09-30 21:00:00,7.6639,6.9822235,6.7003155,27.451275,24.65606
2023-09-30 22:00:00,6.8911,6.9233456,6.4883666,15.566424,13.876018
2023-09-30 23:00:00,6.9331,6.9713316,6.489191,2.994225,1.7761401
2023-10-01 00:00:00,6.72235,7.114616,6.155741,0.66014886,4.0174565
2023-10-01 01:00:00,6.8913503,7.161444,5.9608574,5.54955,7.5288033
2023-10-01 02:00:00,6.86975,7.200221,5.88343,18.3382,19.988356
2023-10-01 03:00:00,6.7603335,7.001986,5.768056,12.1855,11.576386
2023-10-01 04:00:00,6.5252004,6.8001084,5.710441,4.64155,15.636208
2023-10-01 05:00:00,6.6982336,6.7601786,5.627343,5.589175,17.425955
2023-10-01 06:00:00,6.652967,7.048491,5.7450542,8.494175,7.254027
2023-10-01 07:00:00,6.6657996,7.3346076,5.516423,4.0461,4.3399906
2023-10-01 08:00:00,6.677,7.5802646,6.060085,3.9910004,1.5155826
2023-10-01 09:00:00,6.581525,7.887549,6.492833,0.22310005,0.6869516
2023-10-01 10:00:00,6.4860497,7.88586,6.518837,1.0338237,2.2212553
2023-10-01 11:00:00,6.619867,7.731732,6.184457,2.20515,3.25506
2023-10-01 12:00:00,6.84265,7.756874,6.5434546,3.7658002,5.6161714
2023-10-01 13:00:00,6.6187997,7.77309,6.747701,3.86915,5.82156
2023-10-01 14:00:00,6.678,7.8565106,6.611395,1.9211001,2.8329058
2023-10-01 15:00:00,6.561625,8.317593,6.506466,4.632701,2.7856977
2023-10-01 15:00:00,6.561625,6.974776,7.846448,3.115525,6.396097
2023-10-01 16:00:00,6.5871,7.6669865,7.9464817,2.1295502,2.8685796
2023-10-01 17:00:00,6.25565,8.20123,7.936813,0.37145066,1.9011421
2023-10-01 18:00:00,5.5223503,8.232766,7.9182343,0.026850058,1.7580454
2023-10-01 19:00:00,6.7626,7.9753504,7.389292,1.4175748,2.9928734
2023-10-01 20:00:00,6.8975754,7.4961042,7.039324,3.8187504,9.436486
2023-10-01 21:00:00,7.0856,7.37725,7.558052,9.4486,12.996219
2023-10-01 22:00:00,7.176,7.2658753,6.7064743,8.7513,6.736656
2023-10-01 23:00:00,6.7458,7.2506804,6.7603407,4.823475,18.93588
2023-10-02 00:00:00,6.7120333,7.189902,6.69165,8.86105,5.969426
2023-10-02 01:00:00,6.6845,7.2630982,6.1222725,8.71305,4.107064
2023-10-02 02:00:00,6.7845,7.3277116,6.060247,5.3978753,1.1262885
2023-10-02 03:00:00,6.5312004,7.2840214,6.044164,0.24980025,0.6828383
2023-10-02 04:00:00,7.1212,7.0190525,6.1584754,0.42037547,3.3165522
2023-10-02 05:00:00,5.80725,6.8554306,6.1118283,3.2910748,13.421277
2023-10-02 06:00:00,6.5453,6.769286,6.1746597,24.373125,18.390886
2023-10-02 07:00:00,6.6158667,7.0360165,6.440223,35.65955,21.804613
2023-10-02 08:00:00,6.81905,7.4488544,6.575036,38.579647,22.560732
2023-10-02 09:00:00,7.0222335,7.6555696,7.1688375,31.141502,17.603962
2023-10-02 10:00:00,4.8746,7.750467,7.023614,33.267075,17.50134
2023-10-02 11:00:00,6.7286,8.00854,7.655754,24.6901,11.480621
2023-10-02 12:00:00,7.3239503,8.038831,8.728846,9.597,6.9244614
2023-10-02 13:00:00,7.9311,7.9575586,9.7373295,0.8166,0.72887933
2023-10-02 14:00:00,10.4783,8.11282,9.213795,0.6248002,2.0123198
2023-10-02 14:00:00,10.4783,7.8164544,8.763354,5.573775,3.607019
2023-10-02 15:00:00,10.730634,8.055048,8.209169,19.922375,13.449819
2023-10-02 16:00:00,11.1864,8.421268,8.321275,28.851051,30.88011
2023-10-02 17:00:00,12.2972,8.798809,8.863144,37.826103,29.225578
2023-10-02 18:00:00,12.2452,8.915064,8.495392,31.4655,27.098377
2023-10-02 19:00:00,9.682066,8.538623,8.044364,28.497175,30.210241
2023-10-02 20:00:00,9.6721,8.379179,7.5392776,20.766,13.22838
2023-10-02 21:00:00,7.2556,8.32163,7.2848554,8.062799,6.0378327
2023-10-02 22:00:00,6.1505,8.331768,7.3622875,0.7128754,0.86183244
2023-10-02 23:00:00,7.0906005,8.071133,7.01764,0.04387447,1.5262612
2023-10-03 00:00:00,7.1441,7.7848663,6.8188043,0.22352485,3.1674078
2023-10-03 01:00:00,7.1976,7.5589848,6.812113,2.4053247,6.92236
2023-10-03 02:00:00,7.2511,7.5479436,6.8851795,6.6726007,10.948114
2023-10-03 03:00:00,7.228067,7.4724417,7.0416284,7.85005,8.404019
2023-10-03 04:00:00,5.9962,7.2897625,6.893437,3.7531998,7.9336147
2023-10-03 05:00:00,6.9549,6.881078,7.07142,3.6249254,9.136809
2023-10-03 06:00:00,7.107725,6.7987223,6.8160086,1.1123247,10.832246
2023-10-03 07:00:00,7.1724,7.0296116,6.8779206,0.32485005,4.9983587
2023-10-03 08:00:00,7.0521,7.2372656,7.1354747,0.06852389,2.2744741
2023-10-03 09:00:00,6.41712,7.2875624,7.33492,0.41337448,4.4949026
2023-10-03 10:00:00,7.0025,7.3660398,7.1293793,1.5159488,4.483023
2023-10-03 11:00:00,7.1593,7.4698305,7.1547894,3.39865,9.74379
2023-10-03 12:00:00,7.1054,7.6290746,7.402788,7.1107755,8.601076
2023-10-03 13:00:00,7.191967,7.9790077,7.802399,6.1095757,7.7558837
2023-10-03 13:00:00,7.191967,8.300765,8.036017,18.405025,2.2479527
2023-10-03 14:00:00,7.112433,9.172048,8.794694,2.3211997,1.0828921
2023-10-03 15:00:00,9.0943,9.805001,9.408225,0.14799947,0.68275726
2023-10-03 16:00:00,8.73865,10.036538,9.749388,0.65504926,3.122527
2023-10-03 17:00:00,9.996201,10.147752,9.61198,2.9177506,12.101623
2023-10-03 18:00:00,11.25375,9.697438,9.506179,20.297676,15.970611
2023-10-03 19:00:00,9.726675,9.18744,8.641045,34.7005,21.012981
2023-10-03 20:00:00,11.988299,8.753708,8.062245,38.593525,21.30596
2023-10-03 21:00:00,12.95885,8.482208,7.690245,38.5317,20.098019
2023-10-03 22:00:00,12.9145,8.223161,7.5357404,34.382698,14.2305765
2023-10-03 23:00:00,6.770533,8.205337,6.9309797,23.289099,13.381627
2023-10-04 00:00:00,6.7263503,8.063365,6.668954,7.0489254,1.7599965
2023-10-04 01:00:00,5.8959,7.8025346,6.8506527,0.46324947,0.70844674
2023-10-04 02:00:00,5.95185,7.43056,6.4911327,0.45432466,1.1696587
2023-10-04 03:00:00,6.0077996,7.166657,6.0824537,4.5388756,2.3384652
2023-10-04 04:00:00,6.8271003,6.8773594,6.0611663,7.937925,6.273384
2023-10-04 05:00:00,6.8665752,6.879801,6.284033,8.210249,10.26211
2023-10-04 06:00:00,6.7462,7.116012,6.56968,9.1727,24.213871
2023-10-04 07:00:00,5.85052,7.4532633,6.851899,10.54745,16.780258
2023-10-04 08:00:00,6.704875,7.6101418,7.385425,9.84605,15.862114
2023-10-04 09:00:00,6.7749,7.728615,7.487174,11.806125,11.77
2023-10-04 10:00:00,6.844925,7.5660887,7.4536347,3.4710503,4.379532
2023-10-04 11:00:00,6.8137,7.3997407,7.8718233,0.31230125,0.77506196
2023-10-04 12:00:00,7.2016,7.5270967,8.739295,0.028524863,2.3402867
2023-10-04 12:00:00,7.2016,7.6670284,8.19191,0.27330124,3.3132231
2023-10-04 13:00:00,8.7979,8.241689,8.716598,0.06537642,5.327807
2023-10-04 14:00:00,9.4559,8.745444,9.106141,0.29094967,4.9438276
2023-10-04 15:00:00,11.1158,9.014238,9.63752,0.21882564,4.332693
2023-10-04 16:00:00,11.71305,9.378969,9.811028,6.705025,4.5310755
2023-10-04 17:00:00,12.142799,9.443649,9.894757,4.01815,4.1189117
2023-10-04 18:00:00,12.0692005,9.444105,9.830173,1.7731255,7.1178575
2023-10-04 19:00:00,7.8654504,9.442354,9.676599,0.24774946,1.9297671
2023-10-04 20:00:00,12.4564,9.529467,9.779184,0.21627486,1.0740699
2023-10-04 21:00:00,12.5201,9.357228,9.724694,1.4445004,1.7791675
2023-10-04 22:00:00,12.84266,9.143115,9.173696,11.352474,12.111463
2023-10-04 23:00:00,10.336651,8.625763,8.605598,27.79885,28.70179
2023-10-05 00:00:00,7.0188,8.221469,7.9414062,36.219326,34.6893
2023-10-05 01:00:00,7.06115,7.9042377,7.4077973,37.159897,35.3166
2023-10-05 02:00:00,7.01915,7.619237,7.1382575,32.634125,32.037537
2023-10-05 03:00:00,7.02705,7.3364377,6.8215084,19.303276,16.641832
2023-10-05 04:00:00,7.0349503,7.178864,6.558244,8.644151,6.623485
2023-10-05 05:00:00,6.97975,7.085033,6.4304023,0.29062545,1.130395
2023-10-05 06:00:00,7.024133,7.095874,6.4273663,0.25692526,0.93624264
2023-10-05 07:00:00,7.0471,7.097856,6.874938,2.3531,1.6363472
2023-10-05 08:00:00,6.723,7.1131215,6.8500547,3.3233755,4.285819
2023-10-05 09:00:00,7.25344,7.122853,7.069772,7.1710005,8.586607
2023-10-05 10:00:00,7.1028733,7.2715526,7.1200128,5.219425,9.382953
2023-10-05 11:00:00,7.244375,7.837859,7.4153986,7.243049,9.447947
2023-10-05 11:00:00,7.244375,8.525175,7.742612,3.6614752,9.196916
2023-10-05 12:00:00,8.871901,9.615898,9.204914,1.9394,6.2905354
2023-10-05 13:00:00,7.5661497,10.421775,9.928288,2.2356498,3.8414772
2023-10-05 14:00:00,10.80195,10.946138,11.118358,0.09525045,1.0307496
2023-10-05 15:00:00,11.758599,11.361159,11.496622,1.3153257,2.8229136
2023-10-05 16:00:00,12.621099,11.425211,11.306841,5.37305,3.9786792
2023-10-05 17:00:00,7.9774,11.357579,11.343283,25.675,16.30618
2023-10-05 18:00:00,10.7523,11.296431,11.066723,31.962925,17.457859
2023-10-05 19:00:00,12.4433,11.137188,10.899219,15.8216505,9.775939
2023-10-05 20:00:00,12.949625,11.059506,10.996892,26.931625,18.030449
2023-10-05 21:00:00,12.7304,11.070788,10.835717,9.20995,14.776268
2023-10-05 22:00:00,12.411321,10.632165,11.105501,3.2970004,3.1899605
2023-10-05 23:00:00,11.5135,9.89923,10.775665,0.46802586,1.2923403
2023-10-06 00:00:00,7.8701,9.187279,9.613568,0.04135103,1.0677886
2023-10-06 01:00:00,9.39435,8.629941,8.707857,0.80752385,2.888608
2023-10-06 02:00:00,11.6489,8.211278,8.39468,2.5143247,4.544308
2023-10-06 03:00:00,8.899401,7.9722333,7.5256596,12.0824,7.8490067
2023-10-06 04:00:00,6.787367,7.8534865,6.860983,22.707676,18.874664
2023-10-06 05:00:00,6.82695,7.8315506,7.015627,9.3552,15.120467
2023-10-06 06:00:00,6.8665333,7.914321,7.517803,9.40255,9.910912
2023-10-06 07:00:00,6.7777004,7.950968,7.0837226,9.628099,3.5474722
2023-10-06 08:00:00,6.0527,7.780022,6.387775,3.77015,3.2362494
2023-10-06 09:00:00,5.0677004,7.5523095,6.546715,0.54285,1.2843609
2023-10-06 10:00:00,6.762433,7.874845,7.2882686,0.17410006,1.2021714
2023-10-06 10:00:00,6.762433,5.6986985,6.7269588,1.3778999,3.5959175
2023-10-06 11:00:00,7.8808,6.5747623,7.1026645,9.165575,9.966851
2023-10-06 12:00:00,10.596333,7.3875685,7.60151,26.5267,19.719728
2023-10-06 13:00:00,10.7342005,8.030994,7.640393,34.613102,27.56804
2023-10-06 14:00:00,11.756833,8.693902,9.177873,35.089626,20.147898
2023-10-06 15:00:00,12.187,9.295976,10.225745,30.32785,20.652695
2023-10-06 16:00:00,12.2213,9.687023,10.923191,18.630474,18.500862
2023-10-06 17:00:00,12.067433,10.112209,11.102709,8.127325,7.485978
2023-10-06 18:00:00,12.001134,10.47177,10.989584,0.66087544,1.6647495
2023-10-06 19:00:00,12.254075,10.701401,11.014329,0.14960103,1.0885327
2023-10-06 20:00:00,11.5597,11.252778,11.138299,2.0185006,1.3533784
2023-10-06 21:00:00,11.2578,11.618497,11.511702,12.77675,8.079896
2023-10-06 22:00:00,11.2765,11.37969,11.525086,27.5621,27.337074
2023-10-06 23:00:00,11.3494005,10.666228,11.064205,35.394478,34.296146
2023-10-07 00:00:00,12.131833,9.870572,10.200319,36.423325,35.112747
2023-10-07 01:00:00,12.21855,9.3010645,9.836727,32.6562,32.05782
2023-10-07 02:00:00,11.73375,8.850439,9.247786,20.54965,16.810783
2023-10-07 03:00:00,11.045366,8.174787,8.210208,9.1564245,7.54981
2023-10-07 04:00:00,6.8231,7.655179,7.279513,0.80460006,1.2475562
2023-10-07 05:00:00,6.65025,7.407774,7.2093325,0.11989986,1.0570103
2023-10-07 06:00:00,6.6934,7.151653,7.528612,1.1705513,1.5624946
2023-10-07 07:00:00,6.6804,6.808683,7.6632795,9.65905,12.851264
2023-10-07 08:00:00,6.6866,6.275821,7.3368306,27.35205,28.46047
2023-10-07 09:00:00,6.8176003,6.0561304,6.9904385,35.320927,30.902445
2023-10-07 09:00:00,6.8176003,6.7257137,7.219491,34.8012,35.633762
2023-10-07 10:00:00,6.6187,7.267583,7.3914967,32.8419,33.264942
2023-10-07 11:00:00,7.3382797,8.030347,7.26798,20.94255,18.332504
2023-10-07 12:00:00,8.1084,8.712065,7.1399703,8.667825,8.811478
2023-10-07 13:00:00,8.241,9.106433,7.191808,0.7560004,1.2542729
2023-10-07 14:00:00,8.38645,9.667374,7.2090564,0.15335006,0.99652
2023-10-07 15:00:00,8.22275,10.259994,7.8709383,1.2562749,1.175399
2023-10-07 16:00:00,8.2315,11.001662,7.2426314,12.05355,8.594097
2023-10-07 17:00:00,8.1683,11.51682,7.3031235,27.754025,27.595978
2023-10-07 18:00:00,8.3193,11.726612,7.2101645,35.759975,35.65249
2023-10-07 19:00:00,8.269549,12.055184,7.2886505,36.743576,34.318462
2023-10-07 20:00:00,8.3152,12.371455,8.020901,32.566574,32.727474
2023-10-07 21:00:00,8.43635,12.392231,8.121438,20.20695,17.392557
2023-10-07 22:00:00,7.1038337,12.069754,7.8406963,7.97065,7.7094994
2023-10-07 23:00:00,7.2524,11.328636,7.5965314,0.3080991,1.2035278
2023-10-08 00:00:00,8.4381,10.700855,7.093991,0.25014985,1.0684321
2023-10-08 01:00:00,8.2581,10.313392,7.454902,2.2312505,1.7148921
2023-10-08 02:00:00,8.180175,9.722649,7.1334453,10.817724,12.276679
2023-10-08 03:00:00,5.9775,9.037381,6.893116,25.367775,23.563705
2023-10-08 04:00:00,6.642067,8.429529,6.716026,31.331224,32.013702
2023-10-08 05:00:00,6.6567664,7.917851,6.9913926,32.56005,33.012516
2023-10-08 06:00:00,6.6642003,7.6150684,7.3460064,32.896324,32.73561
2023-10-08 07:00:00,6.7007003,7.301181,7.0812955,18.245125,17.434237
2023-10-08 08:00:00,6.6936,7.1304793,6.9205384,6.49365,5.063311
2023-10-08 08:00:00,6.6936,6.6276217,7.2247205,0.75275046,1.1928033
2023-10-08 09:00:00,6.7713,6.6487136,7.0187078,0.12934908,0.9378842
2023-10-08 10:00:00,6.6752667,6.78354,7.39358,1.0176996,4.6932936
2023-10-08 11:00:00,6.6925497,7.138066,7.2941823,6.77625,9.595931
2023-10-08 12:00:00,6.716,7.4284716,7.471702,19.796425,30.809982
2023-10-08 13:00:00,6.6751003,7.513349,7.1026287,25.999401,34.789608
2023-10-08 14:00:00,6.7878,7.6023483,7.4058704,27.409426,35.45759
2023-10-08 15:00:00,6.7935753,8.047477,7.734856,24.48115,32.714382
2023-10-08 16:00:00,6.7993503,8.336311,8.039796,11.70685,10.681994
2023-10-08 17:00:00,5.86155,8.247478,8.170476,6.2523503,4.4079437
2023-10-08 18:00:00,7.1063,8.262763,8.447796,0.73342526,1.7438296
2023-10-08 19:00:00,6.8948,8.326144,8.212651,0.036524862,0.836979
2023-10-08 20:00:00,6.893467,8.4001465,8.124343,1.7682505,1.2723461
2023-10-08 21:00:00,7.2836003,8.454543,7.821075,8.035525,5.0810885
2023-10-08 22:00:00,6.07234,8.251467,7.7042546,18.965775,16.347925
2023-10-08 23:00:00,6.9532003,7.875114,7.647114,24.9565,25.116232
2023-10-09 00:00:00,6.90395,7.4836802,7.4034243,26.0195,27.380388
2023-10-09 01:00:00,6.9326,7.2190495,7.889348,22.644073,22.805807
2023-10-09 02:00:00,6.96125,7.075184,7.7110167,14.685225,16.452187
2023-10-09 03:00:00,7.14335,6.7501187,7.156536,6.1481,9.870603
2023-10-09 04:00:00,6.8606,6.479259,7.1395907,0.5356264,1.9321128