Date,True,dLinear,TimesNet
2023-08-08 00:00:00,6.6072664,6.491362,6.494065
2023-08-08 01:00:00,4.98305,6.6828976,6.53099
2023-08-08 02:00:00,6.6858997,6.7702436,6.680099
2023-08-08 03:00:00,6.0984836,6.5510697,6.2633576
2023-08-08 04:00:00,6.2208,6.388009,5.8410974
2023-08-08 05:00:00,6.57275,6.057906,5.930418
2023-08-08 06:00:00,6.58025,6.1021104,5.9274836
2023-08-08 07:00:00,4.8617997,6.4439416,6.063154
2023-08-08 08:00:00,6.5937166,6.7727485,6.166254
2023-08-08 09:00:00,6.4977,7.12636,6.3447328
2023-08-08 10:00:00,6.9824753,7.8253207,7.2877417
2023-08-08 11:00:00,8.7782755,8.379343,7.9695277
2023-08-08 12:00:00,8.416533,8.637789,7.842299
2023-08-08 13:00:00,8.809234,8.612797,8.16327
2023-08-08 14:00:00,8.201934,8.603734,8.099675
2023-08-08 15:00:00,8.161875,8.637573,8.401867
2023-08-08 16:00:00,8.723833,8.733868,8.559214
2023-08-08 17:00:00,8.784425,8.874443,8.55675
2023-08-08 18:00:00,8.785049,8.880691,8.087333
2023-08-08 19:00:00,8.97075,8.590551,7.6765795
2023-08-08 20:00:00,8.4652405,8.407096,7.667062
2023-08-08 21:00:00,8.8992,8.045166,7.5148773
2023-08-08 22:00:00,8.797174,7.424489,6.6940846
2023-08-08 23:00:00,8.9369,7.095509,6.419131
2023-08-08 23:00:00,8.9369,8.101291,7.1542606
2023-08-09 00:00:00,7.948575,7.9031005,6.5826993
2023-08-09 01:00:00,6.5706334,7.889633,6.675413
2023-08-09 02:00:00,6.1530333,7.8347187,6.682281
2023-08-09 03:00:00,6.0063334,7.732657,6.5990715
2023-08-09 04:00:00,6.521633,7.4087973,6.71621
2023-08-09 05:00:00,6.6852665,7.290623,6.554859
2023-08-09 06:00:00,6.4468665,7.2003956,6.148928
2023-08-09 07:00:00,6.5913997,7.274697,6.1616087
2023-08-09 08:00:00,6.4776,7.2226515,6.2974873
2023-08-09 09:00:00,6.7758503,7.296468,6.8268585
2023-08-09 10:00:00,7.9999247,7.6149545,7.703963
2023-08-09 11:00:00,8.718566,8.109466,8.381169
2023-08-09 12:00:00,8.191433,8.4457855,8.667829
2023-08-09 13:00:00,8.55085,8.530271,8.836508
2023-08-09 14:00:00,8.778026,8.404308,8.839782
2023-08-09 15:00:00,8.8652,8.4952545,8.826223
2023-08-09 16:00:00,8.9395,8.710646,9.132742
2023-08-09 17:00:00,8.1246805,8.889574,9.057781
2023-08-09 18:00:00,8.849366,8.949376,9.239429
2023-08-09 19:00:00,8.7474,8.987527,9.091723
2023-08-09 20:00:00,8.92345,8.96114,8.86879
2023-08-09 21:00:00,8.91145,8.83702,8.451185
2023-08-09 22:00:00,7.857275,8.730109,7.998076
2023-08-09 22:00:00,7.857275,8.719917,8.457006
2023-08-09 23:00:00,9.2328,8.406982,8.1129265
2023-08-10 00:00:00,6.889633,8.167044,7.4839473
2023-08-10 01:00:00,6.3952336,7.8857102,6.9106574
2023-08-10 02:00:00,6.641933,7.7798924,6.9323473
2023-08-10 03:00:00,6.6436663,7.5520096,6.872305
2023-08-10 04:00:00,6.6013,7.5776424,6.779109
2023-08-10 05:00:00,5.2886,7.601021,7.039206
2023-08-10 06:00:00,6.5552335,7.60204,7.072977
2023-08-10 07:00:00,6.710767,7.47606,6.8658786
2023-08-10 08:00:00,6.6831,7.503592,7.0319405
2023-08-10 09:00:00,6.5872,7.71717,7.2706933
2023-08-10 10:00:00,8.256625,8.167574,7.8434763
2023-08-10 11:00:00,8.542167,8.598904,8.583967
2023-08-10 12:00:00,9.085151,8.909248,8.695036
2023-08-10 13:00:00,9.628134,8.962685,8.7573595
2023-08-10 14:00:00,8.8542,8.998813,9.1305685
2023-08-10 15:00:00,8.6785,9.077946,9.240494
2023-08-10 16:00:00,8.931186,9.093695,9.200363
2023-08-10 17:00:00,8.877167,9.014646,9.030207
2023-08-10 18:00:00,8.929267,9.03243,8.929245
2023-08-10 19:00:00,8.93995,9.015305,9.083261
2023-08-10 20:00:00,8.950634,8.92493,9.002727
2023-08-10 21:00:00,8.95762,8.825949,8.856605
2023-08-10 21:00:00,8.95762,8.605025,8.845536
2023-08-10 22:00:00,8.917116,8.236636,8.429673
2023-08-10 23:00:00,9.005,7.8784995,7.981114
2023-08-11 00:00:00,7.699,7.378919,7.5960608
2023-08-11 01:00:00,7.635933,7.101952,7.2500224
2023-08-11 02:00:00,6.9321003,6.845153,7.277817
2023-08-11 03:00:00,6.5682,6.92352,7.256307
2023-08-11 04:00:00,6.955567,6.9735994,7.2011847
2023-08-11 05:00:00,6.5102,7.027919,7.2415395
2023-08-11 06:00:00,6.60935,7.0103536,7.249636
2023-08-11 07:00:00,5.727075,7.04978,7.09665
2023-08-11 08:00:00,6.5984,7.2341647,7.0497055
2023-08-11 09:00:00,6.5224,7.7053037,7.162872
2023-08-11 10:00:00,8.30545,8.229072,7.5077195
2023-08-11 11:00:00,9.417434,8.763402,8.118271
2023-08-11 12:00:00,9.330625,9.083724,8.823175
2023-08-11 13:00:00,8.866366,9.314553,9.092874
2023-08-11 14:00:00,8.849625,9.414733,9.006398
2023-08-11 15:00:00,8.6675,9.381326,8.992492
2023-08-11 16:00:00,8.88808,9.294922,9.0898285
2023-08-11 17:00:00,8.10866,9.289659,8.943012
2023-08-11 18:00:00,8.148983,9.260529,8.670729
2023-08-11 19:00:00,8.9424,9.214678,8.637966
2023-08-11 20:00:00,8.9718,9.127311,8.757467
2023-08-11 20:00:00,8.9718,8.992965,7.7204843
2023-08-11 21:00:00,8.776366,8.7341,7.424969
2023-08-11 22:00:00,8.15148,8.418656,7.404806
2023-08-11 23:00:00,7.271975,7.897957,7.147173
2023-08-12 00:00:00,6.6275,7.497307,6.9737663
2023-08-12 01:00:00,6.8983502,7.0439844,6.8449464
2023-08-12 02:00:00,6.7106,7.0870004,6.753707
2023-08-12 03:00:00,5.6898,7.178864,6.843046
2023-08-12 04:00:00,6.5272,7.267767,6.721186
2023-08-12 05:00:00,6.5233335,7.2681046,6.7398252
2023-08-12 06:00:00,6.5684333,7.2322392,6.827775
2023-08-12 07:00:00,6.495225,7.1379986,6.838784
2023-08-12 08:00:00,6.58915,7.359486,6.6548467
2023-08-12 09:00:00,5.791,7.7556334,6.427316
2023-08-12 10:00:00,4.8311,8.326737,6.919212
2023-08-12 11:00:00,6.634383,8.754735,6.8255363
2023-08-12 12:00:00,6.076616,9.0997,6.780998
2023-08-12 13:00:00,6.05042,9.369534,6.9291964
2023-08-12 14:00:00,6.3151,9.335436,6.869835
2023-08-12 15:00:00,6.143467,9.116406,6.8589263
2023-08-12 16:00:00,6.9422,9.041678,6.750879
2023-08-12 17:00:00,5.84585,8.936926,6.945552
2023-08-12 18:00:00,6.350225,8.912435,6.8688407
2023-08-12 19:00:00,7.1612997,9.062435,6.8850265
2023-08-12 19:00:00,7.1612997,6.820012,6.201054
2023-08-12 20:00:00,6.8166003,7.1581736,6.3338785
2023-08-12 21:00:00,6.0526,7.3450465,6.39939
2023-08-12 22:00:00,6.259933,7.164887,6.414938
2023-08-12 23:00:00,6.9934,6.9834447,6.328525
2023-08-13 00:00:00,6.05564,6.510996,6.3557343
2023-08-13 01:00:00,6.8827,6.4099874,6.372153
2023-08-13 02:00:00,5.85375,6.383072,6.2142973
2023-08-13 03:00:00,6.240075,6.4403496,6.2991138
2023-08-13 04:00:00,6.1422,6.487494,6.333739
2023-08-13 05:00:00,5.83885,6.573184,6.3003383
2023-08-13 06:00:00,6.5656,6.4865756,6.410832
2023-08-13 07:00:00,6.5596333,6.402213,6.2221456
2023-08-13 08:00:00,6.713725,6.2750206,6.4715524
2023-08-13 09:00:00,6.6048503,6.3292766,6.164121
2023-08-13 10:00:00,5.5116663,6.4386396,6.2433996
2023-08-13 11:00:00,6.9811,6.7188935,6.4907174
2023-08-13 12:00:00,6.785025,7.0813875,6.5011477
2023-08-13 13:00:00,4.8317003,7.241836,6.379427
2023-08-13 14:00:00,6.80866,7.169425,6.5301313
2023-08-13 15:00:00,6.6622,7.2254286,6.5454707
2023-08-13 16:00:00,6.83538,7.1362367,6.53719
2023-08-13 17:00:00,6.8516498,7.0253673,6.26729
2023-08-13 18:00:00,7.6162996,7.239041,6.330148
2023-08-13 18:00:00,7.6162996,7.0196605,6.9330363
2023-08-13 19:00:00,6.890717,7.3089914,6.763024
2023-08-13 20:00:00,6.1914,7.577828,6.7321963
2023-08-13 21:00:00,6.90045,7.5461,7.0295706
2023-08-13 22:00:00,6.9972997,7.564776,7.1129503
2023-08-13 23:00:00,6.1655,7.2044086,6.913173
2023-08-14 00:00:00,6.8739667,7.1001177,6.4184947
2023-08-14 01:00:00,5.93712,7.0840273,6.3175
2023-08-14 02:00:00,6.79135,7.074073,6.4228597
2023-08-14 03:00:00,5.952113,6.9567456,6.472089
2023-08-14 04:00:00,6.1726747,7.01556,6.423227
2023-08-14 05:00:00,6.28294,7.0054727,6.380597
2023-08-14 06:00:00,6.55865,7.103653,6.4757066
2023-08-14 07:00:00,4.8083997,7.136079,6.5357103
2023-08-14 08:00:00,6.1654,7.2695518,6.556758
2023-08-14 09:00:00,7.6765,7.294667,6.7562113
2023-08-14 10:00:00,8.813366,7.514118,7.422099
2023-08-14 11:00:00,8.039733,7.9165897,8.336704
2023-08-14 12:00:00,8.27,8.12601,9.272728
2023-08-14 13:00:00,8.9062,8.11651,9.511716
2023-08-14 14:00:00,9.010034,8.277836,9.595652
2023-08-14 15:00:00,7.8446746,8.33793,9.532637
2023-08-14 16:00:00,9.0546,8.267108,9.419746
2023-08-14 17:00:00,9.7641,8.391501,9.093299
2023-08-14 17:00:00,9.7641,9.145685,9.075425
2023-08-14 18:00:00,8.1104,9.294394,9.121753
2023-08-14 19:00:00,8.0321665,9.352773,9.121786
2023-08-14 20:00:00,8.160683,9.052,8.82736
2023-08-14 21:00:00,9.095575,8.69429,8.371186
2023-08-14 22:00:00,7.073967,8.066945,7.5623584
2023-08-14 23:00:00,7.5223503,7.730998,6.8259935
2023-08-15 00:00:00,7.1178336,7.4958243,6.4809256
2023-08-15 01:00:00,6.819,7.3594127,6.5475006
2023-08-15 02:00:00,6.722567,7.112454,6.5020227
2023-08-15 03:00:00,6.2663198,6.995454,6.305143
2023-08-15 04:00:00,4.8159,6.971322,6.25665
2023-08-15 05:00:00,6.8603964,7.032519,6.1421795
2023-08-15 06:00:00,6.8106604,7.0475283,6.181875
2023-08-15 07:00:00,6.7488,7.191403,6.0453663
2023-08-15 08:00:00,6.705125,7.337232,6.266141
2023-08-15 09:00:00,6.25942,7.6985774,6.741161
2023-08-15 10:00:00,8.7991,8.236155,7.3251085
2023-08-15 11:00:00,7.363633,8.667389,8.083474
2023-08-15 12:00:00,8.945233,8.85258,8.106627
2023-08-15 13:00:00,8.9513,9.0507,8.07733
2023-08-15 14:00:00,7.5411334,9.158712,8.391844
2023-08-15 15:00:00,8.9755,9.118547,8.315458
2023-08-15 16:00:00,9.012211,9.200194,8.284774
2023-08-15 16:00:00,9.012211,9.18652,9.489744
2023-08-15 17:00:00,9.014634,9.259935,9.036991
2023-08-15 18:00:00,9.0149,9.271303,8.901527
2023-08-15 19:00:00,9.0184,9.091922,8.817914
2023-08-15 20:00:00,8.466766,8.865321,8.686877
2023-08-15 21:00:00,6.895967,8.345271,8.301132
2023-08-15 22:00:00,6.30715,7.9971037,7.3313046
2023-08-15 23:00:00,6.74675,7.673694,6.616514
2023-08-16 00:00:00,5.3359,7.4789844,6.466672
2023-08-16 01:00:00,6.7711,7.261783,6.240417
2023-08-16 02:00:00,6.7781663,7.144317,6.353173
2023-08-16 03:00:00,5.8292003,6.980421,6.3023124
2023-08-16 04:00:00,6.0111003,6.973429,6.277491
2023-08-16 05:00:00,6.6554503,7.08529,6.2201877
2023-08-16 06:00:00,5.91204,7.230065,6.4156046
2023-08-16 07:00:00,6.6646748,7.197865,6.346921
2023-08-16 08:00:00,6.903567,7.2975745,6.3708577
2023-08-16 09:00:00,6.7269,7.5878205,7.236829
2023-08-16 10:00:00,6.35006,7.927875,8.3272915
2023-08-16 11:00:00,7.0309,8.125359,8.728216
2023-08-16 12:00:00,8.77715,8.372358,8.88825
2023-08-16 13:00:00,8.42986,8.383196,8.846047
2023-08-16 14:00:00,8.394167,8.385382,8.840749
2023-08-16 15:00:00,8.668076,8.637971,8.805319
2023-08-16 15:00:00,8.668076,8.696736,8.908259
2023-08-16 16:00:00,6.7687,8.904343,8.918557
2023-08-16 17:00:00,8.2465,8.980863,8.841336
2023-08-16 18:00:00,8.95255,8.805738,8.910416
2023-08-16 19:00:00,8.1323395,8.710894,8.652661
2023-08-16 20:00:00,9.3175,8.245442,8.216541
2023-08-16 21:00:00,9.033866,7.906075,7.6361756
2023-08-16 22:00:00,8.978134,7.5445123,7.187127
2023-08-16 23:00:00,9.0284,7.263165,6.480962
2023-08-17 00:00:00,6.8707004,6.9686494,6.125643
2023-08-17 01:00:00,5.8091497,6.9186044,6.072157
2023-08-17 02:00:00,6.929933,6.814593,6.233865
2023-08-17 03:00:00,6.7332,6.7759686,6.203296
2023-08-17 04:00:00,4.7969,6.770094,5.921856
2023-08-17 05:00:00,5.8856,6.887416,6.11533
2023-08-17 06:00:00,6.64085,6.951176,6.347571
2023-08-17 07:00:00,6.6039333,7.0612473,6.461444
2023-08-17 08:00:00,5.821525,7.37547,6.3690915
2023-08-17 09:00:00,6.7771,7.6821737,6.8228846
2023-08-17 10:00:00,6.25486,7.889957,7.5234137
2023-08-17 11:00:00,8.7095,8.204511,8.179595
2023-08-17 12:00:00,8.619901,8.311514,8.47006
2023-08-17 13:00:00,7.467433,8.3387,8.64154
2023-08-17 14:00:00,9.1578,8.544115,8.561323
2023-08-17 14:00:00,9.1578,8.506705,8.442684
2023-08-17 15:00:00,7.9645333,8.865928,8.641062
2023-08-17 16:00:00,6.7699,9.188733,8.56138
2023-08-17 17:00:00,9.195867,9.292129,9.11142
2023-08-17 18:00:00,9.23874,9.417232,8.703753
2023-08-17 19:00:00,9.0612,9.238105,8.531898
2023-08-17 20:00:00,8.9381,9.1735,8.342819
2023-08-17 21:00:00,8.9824,8.945616,8.248006
2023-08-17 22:00:00,9.039599,8.560314,7.6551332
2023-08-17 23:00:00,8.862134,8.047515,7.16179
2023-08-18 00:00:00,8.9576,7.710426,6.504892
2023-08-18 01:00:00,8.655933,7.4806256,6.551315
2023-08-18 02:00:00,5.412133,7.4518104,6.6334257
2023-08-18 03:00:00,6.78155,7.2843537,6.388248
2023-08-18 04:00:00,6.4087996,7.1378865,6.4409986
2023-08-18 05:00:00,5.73405,7.005779,6.3356957
2023-08-18 06:00:00,6.713225,6.9556684,6.325987
2023-08-18 07:00:00,5.4557996,7.043352,6.4520864
2023-08-18 08:00:00,7.0902996,7.1794705,6.743202
2023-08-18 09:00:00,7.4727798,7.3548326,7.093206
2023-08-18 10:00:00,8.2213,7.8243117,7.3225636
2023-08-18 11:00:00,8.777766,8.203185,7.805784
2023-08-18 12:00:00,8.91255,8.432762,7.8819017
2023-08-18 13:00:00,9.5817995,8.664336,8.060432
2023-08-18 13:00:00,9.5817995,9.584266,8.947398
2023-08-18 14:00:00,8.732833,9.886688,9.101241
2023-08-18 15:00:00,8.941533,10.075825,9.325825
2023-08-18 16:00:00,9.036567,10.150518,9.484647
2023-08-18 17:00:00,9.1622,10.292492,9.349123
2023-08-18 18:00:00,9.2283,10.106113,9.012057
2023-08-18 19:00:00,9.28946,10.037731,8.811985
2023-08-18 20:00:00,8.003924,9.912998,8.897103
2023-08-18 21:00:00,9.1112995,9.610329,8.667288
2023-08-18 22:00:00,8.794134,9.064811,8.571486
2023-08-18 23:00:00,8.048201,8.554293,8.196416
2023-08-19 00:00:00,7.9788,8.024249,7.6833086
2023-08-19 01:00:00,7.8573,7.786755,7.3796453
2023-08-19 02:00:00,7.39725,7.632656,6.755083
2023-08-19 03:00:00,4.90325,7.524618,6.4827123
2023-08-19 04:00:00,7.1146746,7.3197207,6.5826807
2023-08-19 05:00:00,6.6161666,7.253861,6.4454894
2023-08-19 06:00:00,5.7795753,7.355776,6.554068
2023-08-19 07:00:00,6.64645,7.491763,6.7846084
2023-08-19 08:00:00,6.661,7.645523,7.226734
2023-08-19 09:00:00,5.7921,8.045841,6.833006
2023-08-19 10:00:00,5.9978,8.470336,6.747571
2023-08-19 11:00:00,6.7861333,8.871735,7.0766063
2023-08-19 12:00:00,5.9095497,9.420395,7.5828824
2023-08-19 12:00:00,5.9095497,7.6054196,6.556569
2023-08-19 13:00:00,5.0329666,8.006457,6.685606
2023-08-19 14:00:00,6.79404,8.244909,6.3900943
2023-08-19 15:00:00,5.9730496,8.3242655,6.4724317
2023-08-19 16:00:00,6.4309,8.442674,6.441527
2023-08-19 17:00:00,6.9718,8.48985,6.5261183
2023-08-19 18:00:00,5.9741,8.640158,6.488152
2023-08-19 19:00:00,7.3504167,8.707504,6.666301
2023-08-19 20:00:00,7.1702747,8.720537,6.7592826
2023-08-19 21:00:00,6.0217004,8.555749,6.6558447
2023-08-19 22:00:00,6.3257747,8.420057,6.4403577
2023-08-19 23:00:00,6.3627,8.117746,6.432632
2023-08-20 00:00:00,6.577725,7.782925,6.4083986
2023-08-20 01:00:00,7.08305,7.5446334,6.437619
2023-08-20 02:00:00,7.071,7.396482,6.4720726
2023-08-20 03:00:00,7.05452,7.185378,6.6263986
2023-08-20 04:00:00,7.1793,7.0744796,6.889457
2023-08-20 05:00:00,6.198567,6.979937,6.493072
2023-08-20 06:00:00,4.8262997,6.8661084,6.5464625
2023-08-20 07:00:00,6.7418,6.794646,6.402399
2023-08-20 08:00:00,6.6727004,6.865921,6.4898286
2023-08-20 09:00:00,4.7983,6.868422,6.3550396
2023-08-20 10:00:00,6.8258333,6.945832,6.5632324
2023-08-20 11:00:00,6.8686,7.408155,6.9341636
2023-08-20 11:00:00,6.8686,6.606046,6.4681697
2023-08-20 12:00:00,4.8307996,6.8096385,6.270836
2023-08-20 13:00:00,6.4593797,6.8681393,6.0690823
2023-08-20 14:00:00,7.0166,6.814709,5.971371
2023-08-20 15:00:00,6.297933,6.760548,6.313777
2023-08-20 16:00:00,6.4298577,6.612016,6.6304135
2023-08-20 17:00:00,6.48765,6.8448534,6.806807
2023-08-20 18:00:00,6.01485,7.2291737,6.7761364
2023-08-20 19:00:00,7.1822004,7.4763947,6.5055346
2023-08-20 20:00:00,7.03435,7.524497,6.8021827
2023-08-20 21:00:00,6.761675,7.6138105,6.8801794
2023-08-20 22:00:00,6.489,7.547443,6.792436
2023-08-20 23:00:00,6.2742996,7.399914,6.335263
2023-08-21 00:00:00,6.4042,7.3683186,6.473668
2023-08-21 01:00:00,6.6728997,7.376324,6.8105445
2023-08-21 02:00:00,6.82085,7.295319,6.576952
2023-08-21 03:00:00,6.9009504,7.2852654,6.521654
2023-08-21 04:00:00,6.7004666,7.30667,6.7721667
2023-08-21 05:00:00,5.4986,7.148797,6.88658
2023-08-21 06:00:00,6.6674,6.9685926,6.3267674
2023-08-21 07:00:00,6.32945,6.995212,6.2722235
2023-08-21 08:00:00,8.72785,7.0176287,6.71971
2023-08-21 09:00:00,12.9390335,7.0422845,6.776926
2023-08-21 10:00:00,10.603,7.438919,7.184566
2023-08-21 10:00:00,10.603,11.434848,8.945235
2023-08-21 11:00:00,9.781533,11.689789,9.329344
2023-08-21 12:00:00,11.9833,11.668936,9.266223
2023-08-21 13:00:00,11.80925,11.470404,9.444555
2023-08-21 14:00:00,12.0157995,11.560358,9.334193
2023-08-21 15:00:00,11.8015,11.407221,9.442375
2023-08-21 16:00:00,11.96276,11.403012,9.404538
2023-08-21 17:00:00,9.53715,11.595298,9.539892
2023-08-21 18:00:00,11.958099,11.444657,9.808892
2023-08-21 19:00:00,10.8723,10.762514,9.200098
2023-08-21 20:00:00,10.150634,9.765131,8.85611
2023-08-21 21:00:00,12.092167,8.806206,8.341785
2023-08-21 22:00:00,8.601733,8.324626,7.9795165
2023-08-21 23:00:00,8.432349,8.143148,7.8010697
2023-08-22 00:00:00,7.7024503,8.144853,7.4183474
2023-08-22 01:00:00,4.7957,8.048239,7.6703763
2023-08-22 02:00:00,7.2049,7.873714,7.3754787
2023-08-22 03:00:00,6.83545,7.8324385,7.268787
2023-08-22 04:00:00,6.63095,7.785833,7.1158586
2023-08-22 05:00:00,6.863275,7.6626453,6.7216864
2023-08-22 06:00:00,6.82415,7.8564725,6.6830378
2023-08-22 07:00:00,6.79704,8.364493,7.4226756
2023-08-22 08:00:00,6.7957997,9.184706,7.9654126
2023-08-22 09:00:00,6.8315496,10.207982,8.011579
2023-08-22 09:00:00,6.8315496,8.49886,9.221709
2023-08-22 10:00:00,11.66405,9.488968,10.357658
2023-08-22 11:00:00,8.3236,10.1445465,10.79622
2023-08-22 12:00:00,11.9152,10.467844,11.195164
2023-08-22 13:00:00,11.935934,10.851813,10.901248
2023-08-22 14:00:00,12.0168,10.939715,10.745704
2023-08-22 15:00:00,12.116366,10.987146,10.63009
2023-08-22 16:00:00,12.05395,11.050714,11.24874
2023-08-22 17:00:00,6.8022003,11.076176,11.213411
2023-08-22 18:00:00,9.406401,10.944888,10.850615
2023-08-22 19:00:00,12.0810995,10.778148,10.919977
2023-08-22 20:00:00,6.9057,10.376444,10.898608
2023-08-22 21:00:00,10.420033,9.858732,10.2688055
2023-08-22 22:00:00,11.075974,9.200098,9.917531
2023-08-22 23:00:00,7.6921663,8.717938,9.138479
2023-08-23 00:00:00,7.8448,8.207847,8.639437
2023-08-23 01:00:00,7.0748334,7.7900343,8.407556
2023-08-23 02:00:00,5.95535,7.534196,8.11697
2023-08-23 03:00:00,6.3008,7.372753,7.9166656
2023-08-23 04:00:00,6.7171497,7.1664577,7.292005
2023-08-23 05:00:00,7.0147996,7.0266514,7.3241224
2023-08-23 06:00:00,6.910967,6.8225884,7.015748
2023-08-23 07:00:00,6.807133,6.8025513,7.031512
2023-08-23 08:00:00,5.481633,7.1737695,7.6715508
2023-08-23 08:00:00,5.481633,7.1133156,7.844324
2023-08-23 09:00:00,7.0382004,7.514137,8.314617
2023-08-23 10:00:00,6.82146,7.9541435,9.541958
2023-08-23 11:00:00,9.2828,8.212959,10.054916
2023-08-23 12:00:00,11.9247,8.639043,11.072017
2023-08-23 13:00:00,11.969333,8.94012,11.457518
2023-08-23 14:00:00,12.38575,9.031846,11.650974
2023-08-23 15:00:00,12.031151,9.002323,11.462661
2023-08-23 16:00:00,12.02425,8.87439,11.407014
2023-08-23 17:00:00,11.9193,8.595362,11.089483
2023-08-23 18:00:00,12.113975,8.737431,10.870802
2023-08-23 19:00:00,12.11225,8.822654,11.139533
2023-08-23 20:00:00,11.758201,8.737911,10.899271
2023-08-23 21:00:00,12.20535,8.669889,9.836129
2023-08-23 22:00:00,6.7757998,8.441634,8.839364
2023-08-23 23:00:00,8.49175,8.117629,8.252088
2023-08-24 00:00:00,7.8909,7.856124,7.58784
2023-08-24 01:00:00,5.5418673,7.5333824,7.045589
2023-08-24 02:00:00,6.94805,7.375608,6.699004
2023-08-24 03:00:00,6.9262004,7.442459,6.671828
2023-08-24 04:00:00,5.7041,7.555049,6.7101107
2023-08-24 05:00:00,6.4653997,7.6508355,6.965254
2023-08-24 06:00:00,6.610225,7.601964,7.533855
2023-08-24 07:00:00,4.8802996,7.724107,7.911365
2023-08-24 07:00:00,4.8802996,6.8839974,5.863249
2023-08-24 08:00:00,6.7965603,7.281227,5.8911004
2023-08-24 09:00:00,6.7185,7.922681,6.9094777
2023-08-24 10:00:00,5.8143253,8.732609,7.98589
2023-08-24 11:00:00,6.6946,9.755819,10.019512
2023-08-24 12:00:00,5.8487,10.840035,11.349953
2023-08-24 13:00:00,4.7848997,11.604779,12.278906
2023-08-24 14:00:00,7.051883,12.162803,12.481293
2023-08-24 15:00:00,6.7901,12.314141,12.498147
2023-08-24 16:00:00,6.528317,12.027431,12.252996
2023-08-24 17:00:00,8.670266,11.825528,11.649762
2023-08-24 18:00:00,12.343134,11.855601,11.48921
2023-08-24 19:00:00,11.0232,11.8947935,11.444999
2023-08-24 20:00:00,6.96305,11.695573,10.715339
2023-08-24 21:00:00,9.2199,11.188143,10.275084
2023-08-24 22:00:00,7.821067,10.373843,10.056142
2023-08-24 23:00:00,6.479133,9.451609,9.066162
2023-08-25 00:00:00,6.2813997,8.491911,7.578478
2023-08-25 01:00:00,7.1082997,7.6973324,6.6609316
2023-08-25 02:00:00,7.137467,7.3575063,6.7345715
2023-08-25 03:00:00,6.9606333,7.2193265,6.8778753
2023-08-25 04:00:00,6.8077,7.3135433,6.450105
2023-08-25 05:00:00,6.8803253,7.3749275,6.6013107
2023-08-25 06:00:00,5.95868,7.500709,7.0266533
2023-08-25 06:00:00,5.95868,6.068028,6.801817
2023-08-25 07:00:00,7.1951003,5.903364,6.893202
2023-08-25 08:00:00,5.856325,6.164047,6.7615685
2023-08-25 09:00:00,6.98125,6.5990686,6.5894217
2023-08-25 10:00:00,6.919725,6.893833,6.778071
2023-08-25 11:00:00,7.481,7.206106,6.611368
2023-08-25 12:00:00,6.8400497,7.494356,6.971974
2023-08-25 13:00:00,8.201349,7.783102,6.6227
2023-08-25 14:00:00,10.687201,7.8850174,6.818975
2023-08-25 15:00:00,11.6921,7.8034377,6.694969
2023-08-25 16:00:00,8.554067,7.8822765,6.741996
2023-08-25 17:00:00,11.9452,8.20634,6.928198
2023-08-25 18:00:00,12.214134,8.674113,6.695719
2023-08-25 19:00:00,8.497475,8.9177685,6.7092705
2023-08-25 20:00:00,9.2485,8.648443,6.563276
2023-08-25 21:00:00,8.286799,8.28764,6.5909452
2023-08-25 22:00:00,7.7147,7.811638,6.3485518
2023-08-25 23:00:00,7.027,7.30412,6.513806
2023-08-26 00:00:00,5.926225,6.9937487,6.150309
2023-08-26 01:00:00,6.94365,6.8456483,6.4654202
2023-08-26 02:00:00,6.2607,6.91899,6.394022
2023-08-26 03:00:00,6.66606,7.0635376,6.462142
2023-08-26 04:00:00,6.2012,7.019028,6.3921404
2023-08-26 05:00:00,7.09595,7.006593,5.8697896
2023-08-26 05:00:00,7.09595,6.3494706,6.13251
2023-08-26 06:00:00,7.9907002,6.3445516,6.5772295
2023-08-26 07:00:00,7.5684247,6.614372,6.321496
2023-08-26 08:00:00,5.9571,7.2043824,6.8428454
2023-08-26 09:00:00,7.1308,7.948904,7.04796
2023-08-26 10:00:00,6.8797665,8.705914,7.42173
2023-08-26 11:00:00,6.838933,9.48689,7.3279324
2023-08-26 12:00:00,6.9926,10.301111,7.3945074
2023-08-26 13:00:00,6.8112,10.873486,8.994676
2023-08-26 14:00:00,7.8015,11.112195,8.9927225
2023-08-26 15:00:00,4.8343,11.21497,9.959574
2023-08-26 16:00:00,8.8291,11.219921,9.529162
2023-08-26 17:00:00,8.868401,11.280584,9.480692
2023-08-26 18:00:00,7.017775,11.346112,9.772373
2023-08-26 19:00:00,8.5496,11.057695,9.947701
2023-08-26 20:00:00,9.158,10.391751,9.859959
2023-08-26 21:00:00,9.1118,9.6938715,9.037646
2023-08-26 22:00:00,8.1691,8.752802,8.476195
2023-08-26 23:00:00,5.5617332,7.950646,8.021853
2023-08-27 00:00:00,6.9447002,7.320844,7.317422
2023-08-27 01:00:00,7.0053997,6.8736625,6.8191504
2023-08-27 02:00:00,5.4951663,6.666904,6.812495
2023-08-27 03:00:00,2.1398,6.617768,6.4628572
2023-08-27 04:00:00,1.8851497,6.7522097,6.099641
2023-08-27 04:00:00,1.8851497,3.9146316,5.7735868
2023-08-27 05:00:00,9.28942,4.045543,5.3980026
2023-08-27 06:00:00,8.44755,4.010752,5.5915494
2023-08-27 07:00:00,7.60568,3.9114568,5.3981276
2023-08-27 08:00:00,7.420053,3.7782865,5.4083123
2023-08-27 09:00:00,7.5513597,3.5891252,5.6039214
2023-08-27 10:00:00,7.6826663,3.799782,5.4995723
2023-08-27 11:00:00,7.3483,4.2168636,5.268334
2023-08-27 12:00:00,5.769475,4.6654806,5.621161
2023-08-27 13:00:00,7.45675,5.1532044,5.6486955
2023-08-27 14:00:00,9.144026,6.063168,5.6359076
2023-08-27 15:00:00,7.2875667,6.7867837,5.9164696
2023-08-27 16:00:00,6.92148,7.148248,5.910526
2023-08-27 17:00:00,6.5553937,7.4392343,5.8638077
2023-08-27 18:00:00,7.5308003,7.760526,6.2635255
2023-08-27 19:00:00,5.1558,7.788377,6.0643473
2023-08-27 20:00:00,6.9409,7.81745,5.9177423
2023-08-27 21:00:00,7.7612996,7.6528916,5.9801745
2023-08-27 22:00:00,7.62445,7.3154554,6.1814528
2023-08-27 23:00:00,6.3106003,6.810494,5.7753377
2023-08-28 00:00:00,7.0726333,6.429173,5.770191
2023-08-28 01:00:00,7.0182996,5.972299,5.734007
2023-08-28 02:00:00,6.3736663,5.2912736,6.1714215
2023-08-28 03:00:00,6.97275,4.776755,6.23318
2023-08-28 03:00:00,6.97275,6.3421226,5.765018
2023-08-28 04:00:00,6.99775,6.731517,5.8378315
2023-08-28 05:00:00,7.023875,7.3395796,6.1946197
2023-08-28 06:00:00,5.6534753,7.723039,6.39914
2023-08-28 07:00:00,7.66888,7.940046,6.570692
2023-08-28 08:00:00,7.03374,7.805719,6.5054
2023-08-28 09:00:00,6.3986,7.752039,5.7353244
2023-08-28 10:00:00,7.5269504,7.861833,5.872807
2023-08-28 11:00:00,9.029799,7.903522,6.722696
2023-08-28 12:00:00,11.819325,7.801181,6.8828573
2023-08-28 13:00:00,9.800651,8.038032,7.1676664
2023-08-28 14:00:00,9.95695,8.427033,7.1192446
2023-08-28 15:00:00,12.5732,8.628949,7.6028924
2023-08-28 16:00:00,12.142,8.596461,7.72518
2023-08-28 17:00:00,12.940125,8.499886,7.9732146
2023-08-28 18:00:00,7.2874,8.244284,8.000629
2023-08-28 19:00:00,9.157967,8.117747,8.052385
2023-08-28 20:00:00,12.566625,8.144991,7.8441052
2023-08-28 21:00:00,12.4196,8.1651945,7.46713
2023-08-28 22:00:00,10.655833,8.024544,7.2738576
2023-08-28 23:00:00,12.378066,7.916358,6.830313
2023-08-29 00:00:00,12.331201,7.891819,6.909783
2023-08-29 01:00:00,7.1867666,7.6876583,6.881415
2023-08-29 02:00:00,7.1092668,7.441361,6.0780888
2023-08-29 02:00:00,7.1092668,8.156162,7.0266285
2023-08-29 03:00:00,7.1462,7.8793817,6.4790373
2023-08-29 04:00:00,6.24135,7.874634,6.63695
2023-08-29 05:00:00,5.2079,8.18832,6.6344023
2023-08-29 06:00:00,6.6807747,8.272573,6.4519033
2023-08-29 07:00:00,7.11655,7.916234,6.611412
2023-08-29 08:00:00,7.3229,7.4985723,6.71241
2023-08-29 09:00:00,7.6822004,7.284884,6.332715
2023-08-29 10:00:00,6.338225,7.4999366,6.9319067
2023-08-29 11:00:00,8.905267,7.923029,7.0840807
2023-08-29 12:00:00,11.961451,8.739422,7.614835
2023-08-29 13:00:00,9.5848,9.840796,7.84776
2023-08-29 14:00:00,12.0387335,10.883339,8.4465065
2023-08-29 15:00:00,12.151267,11.48758,8.537644
2023-08-29 16:00:00,11.002026,11.713163,9.6884575
2023-08-29 17:00:00,12.36365,11.558045,9.327829
2023-08-29 18:00:00,12.6522,11.316194,9.221913
2023-08-29 19:00:00,12.1987,11.368564,8.462167
2023-08-29 20:00:00,9.157566,11.778305,8.325853
2023-08-29 21:00:00,10.304917,11.883395,8.580032
2023-08-29 22:00:00,11.311384,11.5848465,7.9047265
2023-08-29 23:00:00,12.317849,11.0739,7.66143
2023-08-30 00:00:00,9.61325,10.254442,7.8310595
2023-08-30 01:00:00,10.842875,9.299363,7.290337
2023-08-30 01:00:00,10.842875,8.633142,9.179244
2023-08-30 02:00:00,6.7949,7.666559,8.311969
2023-08-30 03:00:00,6.90715,7.0811915,8.092838
2023-08-30 04:00:00,7.0194,6.934996,7.5950155
2023-08-30 05:00:00,6.91335,7.234224,7.4040704
2023-08-30 06:00:00,7.0429,7.6294413,7.392125
2023-08-30 07:00:00,7.1906,7.849994,7.5805507
2023-08-30 08:00:00,7.0048666,7.7040443,7.6052613
2023-08-30 09:00:00,6.74,7.6589932,7.921383
2023-08-30 10:00:00,8.790566,7.767152,8.554812
2023-08-30 11:00:00,12.23075,8.179398,9.005244
2023-08-30 12:00:00,12.72396,8.935591,9.45312
2023-08-30 13:00:00,12.0338,9.8717,10.687807
2023-08-30 14:00:00,11.343639,10.585233,10.916407
2023-08-30 15:00:00,12.3409,10.877654,11.620847
2023-08-30 16:00:00,12.358725,10.855559,11.348121
2023-08-30 17:00:00,12.37655,10.525902,11.556272
2023-08-30 18:00:00,8.895734,10.039372,10.51445
2023-08-30 19:00:00,9.9472,9.838978,10.258859
2023-08-30 20:00:00,9.05775,9.969016,10.77248
2023-08-30 21:00:00,8.121799,10.055312,10.858547
2023-08-30 22:00:00,6.6502004,9.957168,10.623723
2023-08-30 23:00:00,7.0776,9.567071,10.522106
2023-08-31 00:00:00,7.054425,8.948646,9.372725
2023-08-31 00:00:00,7.054425,6.387137,7.0598717
2023-08-31 01:00:00,6.0539503,5.698211,6.8363295
2023-08-31 02:00:00,7.060433,5.1304064,6.414515
2023-08-31 03:00:00,6.60814,4.7995577,6.133007
2023-08-31 04:00:00,6.97125,5.1209593,6.432315
2023-08-31 05:00:00,7.1783,5.959841,6.177401
2023-08-31 06:00:00,7.09305,6.841869,6.365146
2023-08-31 07:00:00,6.2769,7.6020637,6.840724
2023-08-31 08:00:00,6.3031,8.127854,7.009268
2023-08-31 09:00:00,7.268,8.572369,7.0318594
2023-08-31 10:00:00,6.8726,9.101153,7.246705
2023-08-31 11:00:00,7.0135,9.888761,8.287523
2023-08-31 12:00:00,7.1076665,10.749926,10.175409
2023-08-31 13:00:00,9.045401,11.410863,11.300041
2023-08-31 14:00:00,10.4659,11.90545,10.90988
2023-08-31 15:00:00,7.7746,12.094038,11.045678
2023-08-31 16:00:00,12.618,11.731454,11.462131
2023-08-31 17:00:00,12.16245,10.944419,11.479688
2023-08-31 18:00:00,11.893233,10.026873,10.489882
2023-08-31 19:00:00,11.8324,9.363827,10.032638
2023-08-31 20:00:00,11.771566,9.032679,10.149717
2023-08-31 21:00:00,7.522033,8.749714,9.850674
2023-08-31 22:00:00,6.3232336,8.242892,8.920498
2023-08-31 23:00:00,4.9103,7.72454,8.31707
2023-08-31 23:00:00,4.9103,6.854527,7.272422
2023-09-01 00:00:00,6.9457664,6.635047,6.9052324
2023-09-01 01:00:00,6.8932996,6.479595,7.1934547
2023-09-01 02:00:00,7.1657,6.136395,6.8207583
2023-09-01 03:00:00,6.62718,5.6888723,6.5219617
2023-09-01 04:00:00,5.1612,5.111189,6.067823
2023-09-01 05:00:00,6.62815,4.8891783,6.4630895
2023-09-01 06:00:00,6.905825,4.8546367,6.5025
2023-09-01 07:00:00,6.69135,4.983523,6.635241
2023-09-01 08:00:00,6.93115,5.34355,6.912683
2023-09-01 09:00:00,6.961975,6.104408,7.33936
2023-09-01 10:00:00,6.082033,7.046969,7.635519
2023-09-01 11:00:00,4.9731,7.9004116,8.001462
2023-09-01 12:00:00,8.849925,8.456497,8.807175
2023-09-01 13:00:00,11.707275,8.906731,10.287912
2023-09-01 14:00:00,12.1419,9.384259,10.990725
2023-09-01 15:00:00,11.957951,10.006818,11.133736
2023-09-01 16:00:00,11.998134,10.6097145,12.146184
2023-09-01 17:00:00,12.547481,10.961065,11.624602
2023-09-01 18:00:00,12.6432,10.961784,11.544478
2023-09-01 19:00:00,12.73892,10.86544,11.009089
2023-09-01 20:00:00,12.173759,10.580957,10.91255
2023-09-01 21:00:00,12.0128,9.8346815,10.299595
2023-09-01 22:00:00,7.0449,8.960404,9.4508095
2023-09-01 22:00:00,7.0449,11.249727,12.532466
2023-09-01 23:00:00,6.8279,10.8341465,12.076163
2023-09-02 00:00:00,7.03705,10.261421,11.354061
2023-09-02 01:00:00,6.9793,9.365099,10.336074
2023-09-02 02:00:00,7.050375,8.58819,7.8805175
2023-09-02 03:00:00,7.051125,7.8133917,6.4233074
2023-09-02 04:00:00,7.051875,7.4157662,6.542736
2023-09-02 05:00:00,6.84865,7.118849,6.302516
2023-09-02 06:00:00,4.8385,7.0831895,6.275763
2023-09-02 07:00:00,6.1311665,7.1919723,6.315764
2023-09-02 08:00:00,6.842767,7.493766,6.3205876
2023-09-02 09:00:00,6.72355,7.9753156,6.876087
2023-09-02 10:00:00,6.1182666,8.545289,7.1769433
2023-09-02 11:00:00,5.9495497,9.186593,7.031711
2023-09-02 12:00:00,7.33125,10.091559,6.3668275
2023-09-02 13:00:00,9.292875,10.92882,6.308984
2023-09-02 14:00:00,9.1934,11.772401,6.577553
2023-09-02 15:00:00,9.330434,12.432417,6.713181
2023-09-02 16:00:00,9.3628,12.818898,6.5552573
2023-09-02 17:00:00,6.07785,12.965333,6.698906
2023-09-02 18:00:00,9.557734,12.910225,6.5017285
2023-09-02 19:00:00,9.616151,12.752761,6.433158
2023-09-02 20:00:00,9.586901,12.426308,6.566797
2023-09-02 21:00:00,9.5042,11.880029,6.385778
2023-09-02 21:00:00,9.5042,8.691872,8.068021
2023-09-02 22:00:00,6.237125,8.261919,7.8285556
2023-09-02 23:00:00,6.7811503,7.9561925,7.6486998
2023-09-03 00:00:00,6.926567,7.5504327,7.0153327
2023-09-03 01:00:00,7.0102997,7.2601357,6.555547
2023-09-03 02:00:00,7.103,6.90176,6.3973413
2023-09-03 03:00:00,7.0683,6.913671,6.5800014
2023-09-03 04:00:00,6.7659,6.7731094,6.308209
2023-09-03 05:00:00,6.85435,6.682901,6.213971
2023-09-03 06:00:00,6.975567,6.5367093,6.0454807
2023-09-03 07:00:00,6.7755,6.343219,6.1595616
2023-09-03 08:00:00,6.1593337,6.3838425,6.163352
2023-09-03 09:00:00,5.85385,6.778103,6.2372346
2023-09-03 10:00:00,6.8636003,7.107187,6.674899
2023-09-03 11:00:00,6.69625,7.544498,6.0899744
2023-09-03 12:00:00,6.8969502,7.9522877,6.1686654
2023-09-03 13:00:00,5.83675,8.451848,6.440926
2023-09-03 14:00:00,5.6348333,8.866558,6.71868
2023-09-03 15:00:00,6.92675,8.987223,6.9486327
2023-09-03 16:00:00,7.3538,8.948846,6.092745
2023-09-03 17:00:00,6.59394,9.017687,6.474613
2023-09-03 18:00:00,5.6631665,9.053192,6.2875037
2023-09-03 19:00:00,7.2972,9.162184,6.03745
2023-09-03 20:00:00,7.2551003,9.025158,6.4207883
2023-09-03 20:00:00,7.2551003,7.289811,6.6553273
2023-09-03 21:00:00,7.3834248,7.0051546,6.982026
2023-09-03 22:00:00,7.4514666,6.743688,6.858751
2023-09-03 23:00:00,7.54375,6.5896034,6.6738563
2023-09-04 00:00:00,7.4395,6.7704563,6.634242
2023-09-04 01:00:00,7.8089666,6.664185,6.7771335
2023-09-04 02:00:00,7.4567003,6.9218783,6.698568
2023-09-04 03:00:00,7.3037996,7.0899506,6.6508594
2023-09-04 04:00:00,7.2535496,7.148952,6.435846
2023-09-04 05:00:00,7.2376666,7.150094,6.963649
2023-09-04 06:00:00,7.24675,6.992066,6.751988
2023-09-04 07:00:00,7.00705,6.6775103,7.005122
2023-09-04 08:00:00,7.0702996,6.8064637,7.2897654
2023-09-04 09:00:00,7.1335497,7.092452,7.8569183
2023-09-04 10:00:00,7.42375,7.5139637,8.282407
2023-09-04 11:00:00,6.208475,7.6363826,8.661084
2023-09-04 12:00:00,8.97165,7.7582245,9.274137
2023-09-04 13:00:00,11.664576,8.017988,10.438364
2023-09-04 14:00:00,12.684,8.107061,10.881595
2023-09-04 15:00:00,11.965549,8.041847,11.372273
2023-09-04 16:00:00,13.6537,8.231656,11.219039
2023-09-04 17:00:00,13.429167,8.28289,11.281538
2023-09-04 18:00:00,12.338799,8.395797,11.076006
2023-09-04 19:00:00,12.560833,8.715245,10.89354
2023-09-04 19:00:00,12.560833,13.070595,12.681247
2023-09-04 20:00:00,10.920575,12.892163,12.675334
2023-09-04 21:00:00,7.1368,12.36774,11.478459
2023-09-04 22:00:00,6.9027004,11.62592,10.973801
2023-09-04 23:00:00,12.52462,11.042291,10.448402
2023-09-05 00:00:00,12.545975,10.2003765,9.144917
2023-09-05 01:00:00,6.918,9.586345,8.542078
2023-09-05 02:00:00,6.8845496,8.867251,8.007834
2023-09-05 03:00:00,6.8052664,8.217085,7.4178147
2023-09-05 04:00:00,7.02915,7.750839,6.730596
2023-09-05 05:00:00,5.6839,7.598218,7.217386
2023-09-05 06:00:00,4.79465,7.4935546,6.885152
2023-09-05 07:00:00,6.66365,7.5618696,6.986807
2023-09-05 08:00:00,6.75745,7.872216,7.0859203
2023-09-05 09:00:00,7.0188665,8.509878,7.256268
2023-09-05 10:00:00,7.0598335,9.073812,7.6388116
2023-09-05 11:00:00,10.4594,9.748002,8.51794
2023-09-05 12:00:00,12.0880995,10.756289,9.842942
2023-09-05 13:00:00,12.4897,11.728837,11.626167
2023-09-05 14:00:00,12.98595,12.486007,12.386535
2023-09-05 15:00:00,12.943,13.175656,12.533531
2023-09-05 16:00:00,7.85955,13.550048,12.578778
2023-09-05 17:00:00,12.55252,13.56132,12.672262
2023-09-05 18:00:00,13.466275,13.549309,12.727411
2023-09-05 18:00:00,13.466275,12.384114,11.746039
2023-09-05 19:00:00,13.4676,12.190864,11.417742
2023-09-05 20:00:00,13.4689245,11.635293,11.405915
2023-09-05 21:00:00,13.797467,10.6032505,10.570907
2023-09-05 22:00:00,13.127533,9.567651,9.784724
2023-09-05 23:00:00,12.4576,8.809271,9.851818
2023-09-06 00:00:00,11.93985,8.180949,8.922294
2023-09-06 01:00:00,11.707833,7.464584,7.3983464
2023-09-06 02:00:00,11.605,6.994062,6.8149476
2023-09-06 03:00:00,6.7760496,6.848725,6.9794374
2023-09-06 04:00:00,6.7833333,6.8914795,6.6216087
2023-09-06 05:00:00,6.663467,6.851272,6.808322
2023-09-06 06:00:00,7.1291003,6.7834263,6.793876
2023-09-06 07:00:00,6.7835,6.960799,6.902396
2023-09-06 08:00:00,6.4379,7.404663,6.5084558
2023-09-06 09:00:00,6.7592664,7.9282026,6.464506
2023-09-06 10:00:00,6.6703997,8.563321,6.6137147
2023-09-06 11:00:00,10.7523,9.284906,7.7786326
2023-09-06 12:00:00,12.3688,9.907523,9.600991
2023-09-06 13:00:00,13.9853,10.430372,10.846706
2023-09-06 14:00:00,12.389441,10.80081,11.114842
2023-09-06 15:00:00,12.916567,10.723513,10.744195
2023-09-06 16:00:00,10.4174,10.549636,10.058395
2023-09-06 17:00:00,12.795549,10.568381,10.575743
2023-09-06 17:00:00,12.795549,11.945285,13.39752
2023-09-06 18:00:00,12.523467,12.836584,13.131944
2023-09-06 19:00:00,12.3727665,13.363378,13.354155
2023-09-06 20:00:00,12.222067,13.203976,13.490128
2023-09-06 21:00:00,12.56646,12.739702,13.10576
2023-09-06 22:00:00,12.677,11.8798895,12.575011
2023-09-06 23:00:00,11.584675,11.244307,11.311675
2023-09-07 00:00:00,9.14795,10.207758,10.302963
2023-09-07 01:00:00,11.343433,9.23224,9.494745
2023-09-07 02:00:00,9.7482,8.681863,8.035066
2023-09-07 03:00:00,9.859833,8.622239,7.7777658
2023-09-07 04:00:00,7.4536667,8.560565,8.417096
2023-09-07 05:00:00,6.7546,8.328038,8.018469
2023-09-07 06:00:00,6.7773,7.8537245,6.9678764
2023-09-07 07:00:00,7.38485,7.586183,7.3730273
2023-09-07 08:00:00,6.9746337,7.6692266,7.3306346
2023-09-07 09:00:00,9.06495,8.180694,6.3494883
2023-09-07 10:00:00,11.5189,9.0263195,7.220206
2023-09-07 11:00:00,12.06788,9.901893,9.001107
2023-09-07 12:00:00,11.55235,10.738223,10.745889
2023-09-07 13:00:00,13.9303,11.631615,11.89807
2023-09-07 14:00:00,12.593,11.793688,11.891647
2023-09-07 15:00:00,12.887033,11.726878,13.015914
2023-09-07 16:00:00,12.4802,11.529523,13.261687
2023-09-07 16:00:00,12.4802,13.291946,13.045441
2023-09-07 17:00:00,9.53962,13.373795,13.318906
2023-09-07 18:00:00,12.285667,13.453189,13.319059
2023-09-07 19:00:00,11.8564005,13.2530365,13.602062
2023-09-07 20:00:00,10.981151,12.890127,13.2298765
2023-09-07 21:00:00,12.3564005,12.255691,13.381854
2023-09-07 22:00:00,11.349,11.57005,13.068058
2023-09-07 23:00:00,11.320875,10.796731,11.978258
2023-09-08 00:00:00,7.9496,9.870557,10.725291
2023-09-08 01:00:00,7.8531003,9.153263,9.381621
2023-09-08 02:00:00,7.111067,8.824893,8.615196
2023-09-08 03:00:00,7.26245,8.55231,8.668834
2023-09-08 04:00:00,6.978067,8.460295,8.426555
2023-09-08 05:00:00,6.693683,8.401845,8.268259
2023-09-08 06:00:00,6.75515,8.26575,8.100376
2023-09-08 07:00:00,6.1587,8.342303,8.032089
2023-09-08 08:00:00,5.4540334,8.671062,7.495786
2023-09-08 09:00:00,6.9013,9.309471,7.8721714
2023-09-08 10:00:00,12.748167,9.940616,9.048314
2023-09-08 11:00:00,12.1326,10.649088,10.652923
2023-09-08 12:00:00,11.9487,11.503537,11.5782
2023-09-08 13:00:00,10.855325,12.090981,12.308033
2023-09-08 14:00:00,7.4189,12.33738,12.915024
2023-09-08 15:00:00,3.9824748,12.432779,14.291012
2023-09-08 15:00:00,3.9824748,9.597615,10.131952
2023-09-08 16:00:00,10.553425,9.896498,10.69887
2023-09-08 17:00:00,12.0452,10.195723,10.747946
2023-09-08 18:00:00,13.536975,10.472548,11.823572
2023-09-08 19:00:00,11.7016,10.341276,10.792083
2023-09-08 20:00:00,11.04725,9.788846,10.43843
2023-09-08 21:00:00,10.3929,9.15017,9.918393
2023-09-08 22:00:00,6.8669667,8.250212,9.267394
2023-09-08 23:00:00,7.0026,7.5698915,7.8667884
2023-09-09 00:00:00,6.8142996,7.1093416,7.047552
2023-09-09 01:00:00,6.71645,7.1676474,6.750727
2023-09-09 02:00:00,6.8782,7.431566,6.7454615
2023-09-09 03:00:00,6.0821667,7.373858,6.939348
2023-09-09 04:00:00,5.7397003,7.1235967,6.5504584
2023-09-09 05:00:00,6.3506403,6.851216,7.28205
2023-09-09 06:00:00,6.9615803,6.627812,6.9504356
2023-09-09 07:00:00,6.92165,6.701055,6.478699
2023-09-09 08:00:00,6.2725754,7.27147,6.9318914
2023-09-09 09:00:00,6.6098666,8.066049,7.372752
2023-09-09 10:00:00,6.5527997,8.988744,8.489487
2023-09-09 11:00:00,6.8021665,10.033632,8.2260275
2023-09-09 12:00:00,6.6605496,10.439415,7.850073
2023-09-09 13:00:00,7.682133,10.378121,7.891161
2023-09-09 14:00:00,9.52525,10.105792,7.5888114
2023-09-09 14:00:00,9.52525,7.479864,7.200874
2023-09-09 15:00:00,8.865867,7.413626,6.7809706
2023-09-09 16:00:00,8.9021,7.681206,7.2756357
2023-09-09 17:00:00,8.9361,8.380546,7.4918385
2023-09-09 18:00:00,9.11,9.071928,7.3234577
2023-09-09 19:00:00,9.15016,9.367166,7.176788
2023-09-09 20:00:00,10.3183,9.391471,7.1332006
2023-09-09 21:00:00,9.372325,9.102551,6.492909
2023-09-09 22:00:00,9.1915,8.516032,6.253831
2023-09-09 23:00:00,9.010674,7.9783816,6.5139294
2023-09-10 00:00:00,8.362667,7.793617,6.1925936
2023-09-10 01:00:00,6.749825,7.7186213,6.485721
2023-09-10 02:00:00,4.7819,7.6954966,6.6566606
2023-09-10 03:00:00,6.6953335,7.5990977,6.7817173
2023-09-10 04:00:00,6.6492996,7.365416,6.3969297
2023-09-10 05:00:00,6.7602997,6.8726153,6.645169
2023-09-10 06:00:00,6.70235,6.4241776,6.724508
2023-09-10 07:00:00,6.28326,6.2944584,6.1477137
2023-09-10 08:00:00,6.8027253,6.339603,6.583418
2023-09-10 09:00:00,6.63695,6.720419,7.2401657
2023-09-10 10:00:00,6.80595,7.5619984,7.614491
2023-09-10 11:00:00,6.5857,8.209459,7.9116316
2023-09-10 12:00:00,6.6503,8.538015,7.489189
2023-09-10 13:00:00,6.73415,8.793887,8.340595
2023-09-10 13:00:00,6.73415,7.771437,8.179536
2023-09-10 14:00:00,6.76602,8.043709,8.116151
2023-09-10 15:00:00,7.14915,8.138541,7.9501777
2023-09-10 16:00:00,8.0105,8.442326,8.146387
2023-09-10 17:00:00,6.90835,8.855304,8.106835
2023-09-10 18:00:00,7.03035,9.031015,8.609795
2023-09-10 19:00:00,7.429125,9.251478,7.3910484
2023-09-10 20:00:00,7.4739,9.341848,6.923616
2023-09-10 21:00:00,7.1449,9.18775,6.29974
2023-09-10 22:00:00,7.2992,8.727389,5.7695785
2023-09-10 23:00:00,7.2395,8.400251,5.9428988
2023-09-11 00:00:00,7.148584,8.020248,6.314352
2023-09-11 01:00:00,7.2232003,7.7255235,6.0674067
2023-09-11 02:00:00,4.8196497,7.624819,6.5695415
2023-09-11 03:00:00,5.7169504,7.7571163,6.734018
2023-09-11 04:00:00,7.2160497,7.551986,6.424577
2023-09-11 05:00:00,6.710867,7.2278075,6.377748
2023-09-11 06:00:00,6.69395,7.0558105,6.3889093
2023-09-11 07:00:00,6.5361,6.991247,6.8604856
2023-09-11 08:00:00,6.37825,6.982106,6.6059327
2023-09-11 09:00:00,5.422525,7.5141535,7.486602
2023-09-11 10:00:00,8.0313835,8.104943,8.569874
2023-09-11 11:00:00,10.7315,8.400828,9.627391
2023-09-11 12:00:00,8.659275,8.832047,9.906966
2023-09-11 12:00:00,8.659275,9.775752,7.284075
2023-09-11 13:00:00,12.971849,10.161348,7.3724704
2023-09-11 14:00:00,13.0902,10.047618,7.259446
2023-09-11 15:00:00,13.2085495,9.747375,6.9214454
2023-09-11 16:00:00,12.77246,9.71387,7.1185102
2023-09-11 17:00:00,12.33637,9.602777,7.4027185
2023-09-11 18:00:00,9.151975,9.76221,7.0162354
2023-09-11 19:00:00,13.226267,9.985877,7.185375
2023-09-11 20:00:00,13.572599,9.966995,7.10648
2023-09-11 21:00:00,13.5801,9.433925,6.8948274
2023-09-11 22:00:00,12.9541,8.585,6.0821123
2023-09-11 23:00:00,12.82615,7.7983785,6.03322
2023-09-12 00:00:00,12.18175,7.2769613,5.847417
2023-09-12 01:00:00,12.1096,6.9972568,5.900666
2023-09-12 02:00:00,11.982,7.0088468,5.9550114
2023-09-12 03:00:00,5.9558997,7.1177583,5.9912243
2023-09-12 04:00:00,6.6277003,7.191526,6.1207414
2023-09-12 05:00:00,6.6338997,7.2514462,6.358404
2023-09-12 06:00:00,6.61795,7.214072,6.222525
2023-09-12 07:00:00,6.5587,7.1294975,6.016387
2023-09-12 08:00:00,5.5209,7.3981957,5.9972563
2023-09-12 09:00:00,6.2257333,8.003659,6.3707466
2023-09-12 10:00:00,9.9054,8.891618,7.161633
2023-09-12 11:00:00,11.759,9.859495,8.0085335
2023-09-12 11:00:00,11.759,10.0727415,9.4853945
2023-09-12 12:00:00,12.2977,10.742158,10.579125
2023-09-12 13:00:00,12.136533,11.376756,11.011289
2023-09-12 14:00:00,11.9904,11.873946,11.9705305
2023-09-12 15:00:00,12.74325,12.585727,12.455862
2023-09-12 16:00:00,12.343525,13.403844,12.871639
2023-09-12 17:00:00,12.712184,13.956191,12.915382
2023-09-12 18:00:00,13.100875,14.569495,12.872096
2023-09-12 19:00:00,13.0856,14.985018,13.015931
2023-09-12 20:00:00,13.1501,14.90003,12.976449
2023-09-12 21:00:00,14.3596,14.210401,12.519132
2023-09-12 22:00:00,14.001326,13.207503,11.993955
2023-09-12 23:00:00,12.6175995,12.432279,11.786432
2023-09-13 00:00:00,12.3255,11.898697,11.744398
2023-09-13 01:00:00,12.2970495,11.391089,10.859473
2023-09-13 02:00:00,8.655366,10.710788,9.025883
2023-09-13 03:00:00,9.30485,9.874976,8.662102
2023-09-13 04:00:00,6.6952996,9.061223,7.8253427
2023-09-13 05:00:00,6.6166,8.448433,7.225973
2023-09-13 06:00:00,6.5716333,7.9345665,6.7178187
2023-09-13 07:00:00,6.6355,7.6111617,7.106114
2023-09-13 08:00:00,6.83995,7.5385113,6.8559475
2023-09-13 09:00:00,6.6326003,7.979211,7.3530717
2023-09-13 10:00:00,8.64755,8.996763,7.13322
2023-09-13 10:00:00,8.64755,7.3922167,7.5621176
2023-09-13 11:00:00,12.511766,8.106897,8.578895
2023-09-13 12:00:00,12.7567005,8.574433,10.045857
2023-09-13 13:00:00,7.2275,9.15056,11.230838
2023-09-13 14:00:00,7.5626,9.8932295,12.801653
2023-09-13 15:00:00,15.017257,10.501299,13.56598
2023-09-13 16:00:00,15.933283,10.691103,13.946468
2023-09-13 17:00:00,11.699266,10.879516,13.723186
2023-09-13 18:00:00,7.46525,11.104968,13.321386
2023-09-13 19:00:00,14.354224,11.32148,13.7147665
2023-09-13 20:00:00,13.9633665,11.570211,13.476287
2023-09-13 21:00:00,13.9916,11.465316,13.445859
2023-09-13 22:00:00,7.1686,11.111858,13.2806015
2023-09-13 23:00:00,10.01085,10.66744,13.021496
2023-09-14 00:00:00,12.485849,10.126796,12.236812
2023-09-14 01:00:00,12.392833,9.4751005,10.962295
2023-09-14 02:00:00,11.1477995,8.678286,9.744406
2023-09-14 03:00:00,6.7637253,7.9198055,8.645209
2023-09-14 04:00:00,6.7637253,7.576134,7.591591
2023-09-14 05:00:00,7.414875,7.4674087,7.166049
2023-09-14 06:00:00,8.066025,7.243372,7.5562778
2023-09-14 07:00:00,6.6452336,6.989123,7.7527833
2023-09-14 08:00:00,8.7744665,6.803082,7.463048
2023-09-14 09:00:00,10.918099,7.044249,7.183453
2023-09-14 09:00:00,10.918099,8.670148,7.9851265
2023-09-14 10:00:00,13.061733,9.603082,9.75117
2023-09-14 11:00:00,12.212425,10.34457,12.175722
2023-09-14 12:00:00,12.5525,10.381777,12.809114
2023-09-14 13:00:00,11.482651,10.449835,12.613161
2023-09-14 14:00:00,10.4128,11.222216,13.295764
2023-09-14 15:00:00,13.674333,11.979999,14.628416
2023-09-14 16:00:00,12.055467,12.635723,14.883488
2023-09-14 17:00:00,12.7688,12.578372,14.620188
2023-09-14 18:00:00,11.56855,12.301946,13.839981
2023-09-14 19:00:00,10.6521,12.404022,14.067897
2023-09-14 20:00:00,8.9758,12.460128,14.42269
2023-09-14 21:00:00,8.987267,12.060358,13.994217
2023-09-14 22:00:00,8.9987335,11.463844,12.48882
2023-09-14 23:00:00,6.7421746,10.916733,10.869204
2023-09-15 00:00:00,6.9477997,10.889586,10.236848
2023-09-15 01:00:00,6.7833,10.799585,10.672203
2023-09-15 02:00:00,6.6868,9.925683,9.857019
2023-09-15 03:00:00,6.5919,8.80584,8.348668
2023-09-15 04:00:00,6.6221,8.37019,7.806025
2023-09-15 05:00:00,5.8878536,8.326295,8.547325
2023-09-15 06:00:00,6.37536,8.435788,8.707249
2023-09-15 07:00:00,6.862867,8.3069315,7.692397
2023-09-15 08:00:00,6.5321,8.368039,7.7374344
2023-09-15 08:00:00,6.5321,7.701531,8.071338
2023-09-15 09:00:00,6.603,8.927291,8.647877
2023-09-15 10:00:00,6.6774,10.379551,9.33687
2023-09-15 11:00:00,6.55345,11.252815,9.584253
2023-09-15 12:00:00,6.7806334,11.258923,9.858255
2023-09-15 13:00:00,7.8871665,11.153816,10.473954
2023-09-15 14:00:00,8.8483,11.324944,9.878612
2023-09-15 15:00:00,8.848599,12.101901,10.235564
2023-09-15 16:00:00,9.994017,12.31323,10.372642
2023-09-15 17:00:00,10.474733,11.82721,10.0466385
2023-09-15 18:00:00,12.058366,11.423692,10.797101
2023-09-15 19:00:00,9.2359,11.244155,10.042198
2023-09-15 20:00:00,8.9209,10.663663,10.176148
2023-09-15 21:00:00,6.776067,9.725547,10.198119
2023-09-15 22:00:00,7.2665,8.525712,9.190081
2023-09-15 23:00:00,6.97425,7.766451,8.711373
2023-09-16 00:00:00,6.758625,7.642916,8.738525
2023-09-16 01:00:00,6.543,7.444887,8.380758
2023-09-16 02:00:00,6.345825,6.9621844,8.274308
2023-09-16 03:00:00,6.5902667,6.1902328,7.7288847
2023-09-16 04:00:00,6.1177,5.8301635,7.3924813
2023-09-16 05:00:00,6.6354,5.9871397,7.6441584
2023-09-16 06:00:00,6.620933,6.242421,7.4848576
2023-09-16 07:00:00,6.6184,6.420547,6.9784503
2023-09-16 07:00:00,6.6184,6.235571,5.819625
2023-09-16 08:00:00,6.6443334,6.4440756,5.990181
2023-09-16 09:00:00,6.5699,7.0151587,6.413606
2023-09-16 10:00:00,6.5842004,7.9278092,6.76725
2023-09-16 11:00:00,6.5857997,8.528349,7.394859
2023-09-16 12:00:00,6.5874,8.531914,7.356397
2023-09-16 13:00:00,6.6332,8.331841,7.207243
2023-09-16 14:00:00,6.855375,8.844771,7.053607
2023-09-16 15:00:00,7.2149,9.6395035,7.7420936
2023-09-16 16:00:00,7.9998336,10.078558,8.558347
2023-09-16 17:00:00,9.757575,10.222846,8.067583
2023-09-16 18:00:00,9.166901,10.174685,7.750348
2023-09-16 19:00:00,8.576224,10.028088,8.299916
2023-09-16 20:00:00,8.843734,9.835352,8.089259
2023-09-16 21:00:00,6.815567,9.306607,6.6045265
2023-09-16 22:00:00,6.829867,8.566808,6.813296
2023-09-16 23:00:00,6.794,8.106692,6.6255693
2023-09-17 00:00:00,6.7082996,8.082861,6.634986
2023-09-17 01:00:00,6.7934504,8.195628,6.3581
2023-09-17 02:00:00,5.9336667,7.8573976,6.1555653
2023-09-17 03:00:00,6.74465,7.1795835,5.9502106
2023-09-17 04:00:00,6.77785,6.8337765,5.964197
2023-09-17 05:00:00,6.7531,6.8402724,5.8850956
2023-09-17 06:00:00,6.659,7.0896378,5.6987343
2023-09-17 06:00:00,6.659,7.013128,6.026233
2023-09-17 07:00:00,6.6812,7.2004027,6.847811
2023-09-17 08:00:00,6.5778,7.564225,6.9075055
2023-09-17 09:00:00,6.233125,8.230273,7.7391357
2023-09-17 10:00:00,6.888,8.836477,7.88342
2023-09-17 11:00:00,7.542875,9.0184965,7.849348
2023-09-17 12:00:00,6.6089,8.784732,7.2550597
2023-09-17 13:00:00,6.5443997,8.695877,6.9820714
2023-09-17 14:00:00,6.6629,9.020907,8.157994
2023-09-17 15:00:00,6.61225,9.5379715,7.885265
2023-09-17 16:00:00,6.7259502,9.868519,8.788638
2023-09-17 17:00:00,6.9265,9.833205,8.083083
2023-09-17 18:00:00,6.7186804,9.549045,8.223994
2023-09-17 19:00:00,6.913,9.294144,8.647954
2023-09-17 20:00:00,7.10732,8.881985,7.6504145
2023-09-17 21:00:00,6.9864,8.150466,7.6162243
2023-09-17 22:00:00,6.7047997,7.4526253,6.843685
2023-09-17 23:00:00,7.424033,7.15863,7.096156
2023-09-18 00:00:00,7.2569504,7.3090773,7.238781
2023-09-18 01:00:00,7.1372004,7.425841,7.0407724
2023-09-18 02:00:00,6.205975,7.1824007,7.0699983
2023-09-18 03:00:00,5.1603,6.658298,6.9744983
2023-09-18 04:00:00,7.1997337,6.25518,6.5175376
2023-09-18 05:00:00,7.1962004,6.391853,6.307751
2023-09-18 05:00:00,7.1962004,6.6867805,6.55856
2023-09-18 06:00:00,7.06895,6.819055,6.271547
2023-09-18 07:00:00,5.116,6.9984627,6.3614526
2023-09-18 08:00:00,6.36252,7.231216,6.9472823
2023-09-18 09:00:00,6.9646,7.4780054,7.658822
2023-09-18 10:00:00,7.724,7.4833183,8.191883
2023-09-18 11:00:00,8.4834,7.462598,8.791708
2023-09-18 12:00:00,10.179675,7.5151114,9.366009
2023-09-18 13:00:00,14.31608,7.600593,9.372329
2023-09-18 14:00:00,14.9957,7.677483,9.856901
2023-09-18 15:00:00,13.6984005,7.9319034,10.167081
2023-09-18 16:00:00,13.2305,8.091338,10.309885
2023-09-18 17:00:00,11.8500595,8.154388,10.035443
2023-09-18 18:00:00,10.272349,8.075284,9.861933
2023-09-18 19:00:00,13.267799,7.891933,8.8073635
2023-09-18 20:00:00,11.565559,7.4873533,8.120517
2023-09-18 21:00:00,11.937679,7.110211,7.6578603
2023-09-18 22:00:00,12.3098,6.8939056,7.4729505
2023-09-18 23:00:00,9.7214,6.9504204,7.125591
2023-09-19 00:00:00,7.133,6.9900627,6.869487
2023-09-19 01:00:00,7.118,7.014729,6.428228
2023-09-19 02:00:00,6.9670334,6.8882556,6.506634
2023-09-19 03:00:00,6.9042997,6.728965,6.564907
2023-09-19 04:00:00,5.90735,6.7900248,6.8442655
2023-09-19 04:00:00,5.90735,6.918527,6.8915687
2023-09-19 05:00:00,5.4037004,7.0883827,7.455338
2023-09-19 06:00:00,7.073,7.2634654,7.6820803
2023-09-19 07:00:00,6.907025,7.3770523,7.7222013
2023-09-19 08:00:00,6.8944,7.67483,7.4945936
2023-09-19 09:00:00,7.4097004,8.149413,7.586663
2023-09-19 10:00:00,5.1789,8.88498,8.189188
2023-09-19 11:00:00,8.3689,9.969597,9.636069
2023-09-19 12:00:00,11.76455,11.135268,11.215564
2023-09-19 13:00:00,11.269466,12.049545,12.321302
2023-09-19 14:00:00,13.0584,12.709169,12.66512
2023-09-19 15:00:00,10.588651,12.982917,12.799612
2023-09-19 16:00:00,13.54782,13.206987,12.228033
2023-09-19 17:00:00,13.31374,13.253094,11.998258
2023-09-19 18:00:00,13.07966,13.172068,11.718659
2023-09-19 19:00:00,13.7754,12.986933,11.618656
2023-09-19 20:00:00,13.5736,12.6395035,11.401081
2023-09-19 21:00:00,13.1966,12.017574,10.949037
2023-09-19 22:00:00,13.002733,11.306353,10.702587
2023-09-19 23:00:00,13.1005335,10.36893,9.374839
2023-09-20 00:00:00,12.732201,9.290436,8.261595
2023-09-20 01:00:00,11.691,8.476477,8.128003
2023-09-20 02:00:00,7.0391498,7.85337,7.6221523
2023-09-20 03:00:00,7.0108666,7.6895823,7.4349065
2023-09-20 03:00:00,7.0108666,7.7750325,8.456273
2023-09-20 04:00:00,7.07415,7.678849,8.201318
2023-09-20 05:00:00,4.93965,7.6071844,8.657957
2023-09-20 06:00:00,4.828,7.515197,8.560809
2023-09-20 07:00:00,6.8064,7.0470104,8.545576
2023-09-20 08:00:00,6.83646,6.5898886,8.92165
2023-09-20 09:00:00,6.986,6.4551396,8.883892
2023-09-20 10:00:00,8.2248,6.4762955,9.440835
2023-09-20 11:00:00,8.3146,7.004385,10.432152
2023-09-20 12:00:00,11.060599,7.8120337,11.876267
2023-09-20 13:00:00,13.213799,8.80521,13.024222
2023-09-20 14:00:00,13.621333,9.9069805,13.465301
2023-09-20 15:00:00,12.6798,10.568349,13.600852
2023-09-20 16:00:00,12.532,10.889719,13.2822895
2023-09-20 17:00:00,12.724866,11.016623,13.544857
2023-09-20 18:00:00,12.917733,11.132365,13.686504
2023-09-20 19:00:00,12.4195,11.437954,13.655991
2023-09-20 20:00:00,12.944233,11.626694,13.142111
2023-09-20 21:00:00,13.4689665,11.795465,12.934886
2023-09-20 22:00:00,7.383,11.849628,12.707227
2023-09-20 23:00:00,11.6166,11.435325,12.381423
2023-09-21 00:00:00,11.942901,10.707415,11.086151
2023-09-21 01:00:00,11.029224,9.720158,9.354943
2023-09-21 02:00:00,7.1119,8.733525,7.903738
2023-09-21 02:00:00,7.1119,9.312231,8.589585
2023-09-21 03:00:00,6.7547,8.720668,7.408657
2023-09-21 04:00:00,7.04035,8.519756,7.515857
2023-09-21 05:00:00,6.846467,8.543777,7.7614975
2023-09-21 06:00:00,6.85635,8.579317,7.9214263
2023-09-21 07:00:00,6.4937,8.842127,8.150918
2023-09-21 08:00:00,7.0319667,9.107288,8.166327
2023-09-21 09:00:00,7.0702,9.46555,8.853685
2023-09-21 10:00:00,6.6094503,9.944527,9.124551
2023-09-21 11:00:00,10.74275,10.438957,10.105998
2023-09-21 12:00:00,12.474466,10.989697,11.194442
2023-09-21 13:00:00,11.673375,11.821679,12.372707
2023-09-21 14:00:00,8.04535,12.54947,13.562563
2023-09-21 15:00:00,13.3882,12.811928,13.679447
2023-09-21 16:00:00,12.8887005,12.704215,13.803311
2023-09-21 17:00:00,12.500401,12.513548,14.08848
2023-09-21 18:00:00,12.9519005,12.369331,13.776898
2023-09-21 19:00:00,12.621533,12.137074,13.210763
2023-09-21 20:00:00,12.736466,11.850056,13.23094
2023-09-21 21:00:00,12.468901,11.589962,13.457771
2023-09-21 22:00:00,7.4641333,11.069581,12.967618
2023-09-21 23:00:00,12.0618,10.674862,12.153483
2023-09-22 00:00:00,11.960033,10.25127,11.526661
2023-09-22 01:00:00,12.3599,9.601416,10.246755
2023-09-22 01:00:00,12.3599,9.761869,8.450049
2023-09-22 02:00:00,11.658,8.889378,7.5696344
2023-09-22 03:00:00,5.4361,8.575376,7.4948597
2023-09-22 04:00:00,7.26705,8.460983,7.637143
2023-09-22 05:00:00,7.0664,8.502174,7.164492
2023-09-22 06:00:00,7.0933,8.4980755,6.77851
2023-09-22 07:00:00,7.9339,8.555768,7.174886
2023-09-22 08:00:00,9.962267,8.646865,8.23009
2023-09-22 09:00:00,11.546451,8.930993,8.371787
2023-09-22 10:00:00,12.360849,9.350009,8.794
2023-09-22 11:00:00,12.2327,9.806624,9.094969
2023-09-22 12:00:00,12.11035,10.4522,10.725413
2023-09-22 13:00:00,11.988,11.400378,12.329531
2023-09-22 14:00:00,12.438621,12.043771,11.955451
2023-09-22 15:00:00,12.88924,12.339813,12.013642
2023-09-22 16:00:00,13.4617,12.434629,12.36211
2023-09-22 17:00:00,10.521033,12.436139,12.238762
2023-09-22 18:00:00,6.80495,12.40902,11.680984
2023-09-22 19:00:00,12.156234,12.476182,11.299222
2023-09-22 20:00:00,12.07275,12.441463,11.804403
2023-09-22 21:00:00,12.07275,12.074884,11.983807
2023-09-22 22:00:00,9.2003,11.607354,11.204005
2023-09-22 23:00:00,11.82,11.250705,11.050112
2023-09-23 00:00:00,12.154401,10.6409025,10.200287
2023-09-23 00:00:00,12.154401,10.856312,9.187841
2023-09-23 01:00:00,11.891325,10.398692,8.943388
2023-09-23 02:00:00,11.6317005,9.931013,7.9055185
2023-09-23 03:00:00,8.8636,9.413565,6.969456
2023-09-23 04:00:00,4.8281,9.330521,7.050027
2023-09-23 05:00:00,7.3715334,9.583268,6.7093334
2023-09-23 06:00:00,7.18848,10.008425,7.5069823
2023-09-23 07:00:00,7.15994,10.385277,7.2888455
2023-09-23 08:00:00,7.1314,10.629984,7.3228874
2023-09-23 09:00:00,9.407,10.99314,7.9534116
2023-09-23 10:00:00,9.28295,11.147421,8.048743
2023-09-23 11:00:00,9.4002,11.322101,8.090608
2023-09-23 12:00:00,9.379,11.72915,8.255136
2023-09-23 13:00:00,9.4431505,12.055472,8.353246
2023-09-23 14:00:00,9.30495,12.367529,9.100876
2023-09-23 15:00:00,8.51884,12.60508,9.216196
2023-09-23 16:00:00,9.9247,12.568155,9.090805
2023-09-23 17:00:00,9.8075,12.11084,8.840462
2023-09-23 18:00:00,9.6903,11.65514,8.604807
2023-09-23 19:00:00,9.8623,11.442209,8.507086
2023-09-23 20:00:00,9.59575,11.210949,8.60298
2023-09-23 21:00:00,9.60535,10.973219,8.362534
2023-09-23 22:00:00,9.4711,10.694868,8.269808
2023-09-23 23:00:00,6.098225,10.539109,8.423899
2023-09-23 23:00:00,6.098225,9.429953,6.952806
2023-09-24 00:00:00,9.287933,9.583341,7.497366
2023-09-24 01:00:00,9.7638,9.319445,7.6032767
2023-09-24 02:00:00,9.424467,8.44018,7.7549014
2023-09-24 03:00:00,9.27845,7.578926,8.34661
2023-09-24 04:00:00,4.8687997,6.9928803,8.4369755
2023-09-24 05:00:00,5.6549835,6.9723825,8.477158
2023-09-24 06:00:00,6.395117,6.9321613,8.732042
2023-09-24 07:00:00,7.13525,6.8912015,9.261286
2023-09-24 08:00:00,5.9602003,7.102453,8.147003
2023-09-24 09:00:00,6.8976,7.5248337,8.277754
2023-09-24 10:00:00,6.6973,7.8773193,8.549594
2023-09-24 11:00:00,7.32115,8.029529,8.795229
2023-09-24 12:00:00,7.1216,8.176567,9.304092
2023-09-24 13:00:00,7.10895,8.583011,8.008914
2023-09-24 14:00:00,7.1479,9.217852,7.7049737
2023-09-24 15:00:00,5.1235,10.0368185,8.201751
2023-09-24 16:00:00,5.95605,10.588539,8.42912
2023-09-24 17:00:00,6.9302335,10.649768,7.902119
2023-09-24 18:00:00,6.9828997,10.563506,7.575869
2023-09-24 19:00:00,7.1286,10.63116,7.783238
2023-09-24 20:00:00,6.529225,10.566141,8.507831
2023-09-24 21:00:00,6.6284084,10.232545,8.262282
2023-09-24 22:00:00,6.64032,9.815363,7.7981286
2023-09-24 22:00:00,6.64032,6.327091,6.752047
2023-09-24 23:00:00,6.95135,6.8295927,6.4861426
2023-09-25 00:00:00,6.922,7.545701,6.5021014
2023-09-25 01:00:00,5.87185,7.7768707,6.889119
2023-09-25 02:00:00,4.87575,7.616859,6.8574195
2023-09-25 03:00:00,6.84255,6.8414187,6.984871
2023-09-25 04:00:00,6.763767,6.3863754,6.2610264
2023-09-25 05:00:00,6.8677,6.4139667,6.6492863
2023-09-25 06:00:00,7.271567,6.602907,6.389306
2023-09-25 07:00:00,4.909,6.7902265,7.205369
2023-09-25 08:00:00,6.599433,7.217634,7.2256827
2023-09-25 09:00:00,6.7426,7.662927,7.597787
2023-09-25 10:00:00,6.6912336,7.9467816,8.932904
2023-09-25 11:00:00,6.8692,7.8245997,9.645512
2023-09-25 12:00:00,6.7453,7.541724,10.211566
2023-09-25 13:00:00,14.5354,7.224419,10.554409
2023-09-25 14:00:00,14.2246,7.4417562,10.479142
2023-09-25 15:00:00,11.3215,8.095563,12.131848
2023-09-25 16:00:00,13.7689,8.456395,11.703528
2023-09-25 17:00:00,12.779201,8.37632,11.877085
2023-09-25 18:00:00,12.1998,8.297076,11.80791
2023-09-25 19:00:00,11.73,8.216258,11.759638
2023-09-25 20:00:00,11.8706,8.048077,10.997076
2023-09-25 21:00:00,11.375151,7.737906,11.374804
2023-09-25 21:00:00,11.375151,11.260528,13.1242485
2023-09-25 22:00:00,11.425967,10.67464,11.827086
2023-09-25 23:00:00,9.691,10.419347,11.742747
2023-09-26 00:00:00,7.4305,10.041382,11.684947
2023-09-26 01:00:00,6.889567,9.301264,10.2364855
2023-09-26 02:00:00,6.91205,8.201227,9.4995365
2023-09-26 03:00:00,6.7784,7.4181304,7.6488304
2023-09-26 04:00:00,6.679633,6.8535786,7.103903
2023-09-26 05:00:00,6.6291003,6.8205094,7.1425624
2023-09-26 06:00:00,6.607725,7.074737,7.525024
2023-09-26 07:00:00,6.5747004,7.4149556,7.3409295
2023-09-26 08:00:00,6.70442,7.903219,7.5329547
2023-09-26 09:00:00,6.70442,8.627547,8.033891
2023-09-26 10:00:00,6.6763167,9.341809,8.956029
2023-09-26 11:00:00,6.6763167,10.002146,9.542142
2023-09-26 12:00:00,6.64955,10.553305,9.869517
2023-09-26 13:00:00,6.859933,11.495492,11.309544
2023-09-26 14:00:00,12.720401,12.555741,12.56996
2023-09-26 15:00:00,12.944651,13.304556,13.715738
2023-09-26 16:00:00,13.273867,13.745482,14.26538
2023-09-26 17:00:00,13.533106,13.732647,14.146651
2023-09-26 18:00:00,8.0542,13.475623,13.996334
2023-09-26 19:00:00,7.55695,13.220082,14.367849
2023-09-26 20:00:00,7.0597,12.771113,13.377915
2023-09-26 20:00:00,7.0597,8.933535,9.985626
2023-09-26 21:00:00,6.5624504,8.910938,10.249208
2023-09-26 22:00:00,6.59965,8.751708,9.854887
2023-09-26 23:00:00,6.63685,8.437318,10.162917
2023-09-27 00:00:00,6.5659666,7.6686926,7.114965
2023-09-27 01:00:00,7.0102334,6.454696,6.849695
2023-09-27 02:00:00,6.5543,5.659401,5.745403
2023-09-27 03:00:00,5.5139,4.9833493,4.8979883
2023-09-27 04:00:00,6.5332003,4.613185,4.692907
2023-09-27 05:00:00,7.5525,4.862395,5.252829
2023-09-27 06:00:00,6.5537333,5.6080174,5.249587
2023-09-27 07:00:00,6.5104504,6.241534,5.0042458
2023-09-27 08:00:00,5.1529503,6.5553536,5.0111427
2023-09-27 09:00:00,6.794,6.6795783,5.2773466
2023-09-27 10:00:00,6.5719,6.799735,5.4319
2023-09-27 11:00:00,6.54705,6.808619,5.3894744
2023-09-27 12:00:00,7.1734,7.1601286,5.3766603
2023-09-27 13:00:00,8.34295,8.077328,5.887588
2023-09-27 14:00:00,8.92135,8.939497,6.2794557
2023-09-27 15:00:00,10.97985,9.354111,6.4443517
2023-09-27 16:00:00,13.7126,9.774999,6.093845
2023-09-27 17:00:00,13.1182995,9.423296,6.2828655
2023-09-27 18:00:00,12.086033,8.551816,6.328173
2023-09-27 19:00:00,12.4059,7.8782887,6.8157506
2023-09-27 19:00:00,12.4059,10.925689,10.961943
2023-09-27 20:00:00,11.592616,10.554328,10.699799
2023-09-27 21:00:00,11.324275,10.470274,11.042647
2023-09-27 22:00:00,8.988366,10.42631,10.530835
2023-09-27 23:00:00,5.3979497,10.352227,8.473788
2023-09-28 00:00:00,6.46815,9.8312435,7.017686
2023-09-28 01:00:00,6.9217997,9.236353,6.2933927
2023-09-28 02:00:00,6.8768997,8.329726,5.9565635
2023-09-28 03:00:00,6.8226666,7.5301824,5.7231936
2023-09-28 04:00:00,6.768433,6.90326,5.957685
2023-09-28 05:00:00,6.9354,6.7124357,6.187749
2023-09-28 06:00:00,6.7193666,6.886145,6.006529
2023-09-28 07:00:00,6.73435,7.2785053,6.553256
2023-09-28 08:00:00,6.7458,7.5566616,6.3554416
2023-09-28 09:00:00,6.7604,7.8137064,7.0347705
2023-09-28 10:00:00,6.72345,7.9705873,8.122091
2023-09-28 11:00:00,6.6877003,8.253206,8.653837
2023-09-28 12:00:00,6.8375,8.941445,8.692848
2023-09-28 13:00:00,6.7615,9.896774,10.492807
2023-09-28 14:00:00,6.7078333,10.835314,11.989605
2023-09-28 15:00:00,6.65,11.852548,12.097846
2023-09-28 16:00:00,6.8276,12.5499,12.516528
2023-09-28 17:00:00,12.259,12.8012,11.9707
2023-09-28 18:00:00,11.699833,12.650876,11.911831
2023-09-28 18:00:00,11.699833,11.005281,11.040665
2023-09-28 19:00:00,11.0576,10.865721,10.721534
2023-09-28 20:00:00,9.61775,10.849529,10.392032
2023-09-28 21:00:00,6.7379,10.4424925,9.622437
2023-09-28 22:00:00,8.0817,10.289076,8.618919
2023-09-28 23:00:00,7.7082,10.042444,8.42582
2023-09-29 00:00:00,6.830875,9.904997,7.728618
2023-09-29 01:00:00,5.283625,9.669015,7.3349175
2023-09-29 02:00:00,6.6171002,9.317182,6.6033998
2023-09-29 03:00:00,6.86985,8.9048,6.9361424
2023-09-29 04:00:00,7.8430834,8.260944,6.4320483
2023-09-29 05:00:00,6.8967004,7.6198106,6.626579
2023-09-29 06:00:00,5.7222004,7.516639,6.0860577
2023-09-29 07:00:00,6.86845,7.4899373,6.0364246
2023-09-29 08:00:00,6.7101,7.48979,5.8280697
2023-09-29 09:00:00,6.7049,7.390035,6.18424
2023-09-29 10:00:00,6.728,7.3520417,6.475445
2023-09-29 11:00:00,6.65165,7.4780254,6.8493314
2023-09-29 12:00:00,6.6812,7.5557137,7.211278
2023-09-29 13:00:00,6.6841,7.7436943,7.4966626
2023-09-29 14:00:00,7.3103337,8.140579,7.8996816
2023-09-29 15:00:00,8.729934,8.428144,8.723276
2023-09-29 16:00:00,9.2266,8.891046,8.464988
2023-09-29 17:00:00,9.2953,9.462211,8.647991
2023-09-29 17:00:00,9.2953,9.313674,8.397832
2023-09-29 18:00:00,10.667075,9.305623,8.077082
2023-09-29 19:00:00,8.8773,9.130099,7.084197
2023-09-29 20:00:00,7.6259,8.759527,6.954993
2023-09-29 21:00:00,7.03345,8.51062,7.213866
2023-09-29 22:00:00,7.159,8.085034,7.155008
2023-09-29 23:00:00,7.0785,7.9515057,6.906942
2023-09-30 00:00:00,6.9637003,7.7124166,6.842428
2023-09-30 01:00:00,6.695067,7.5874577,6.687281
2023-09-30 02:00:00,6.133067,7.3181043,6.2977877
2023-09-30 03:00:00,6.9815,6.9817667,6.29764
2023-09-30 04:00:00,6.6751666,6.596281,6.5665274
2023-09-30 05:00:00,7.1386776,6.5138254,6.565843
2023-09-30 06:00:00,6.6525,6.6271114,6.8872504
2023-09-30 07:00:00,6.61585,6.985836,7.205142
2023-09-30 08:00:00,7.0812597,7.1983,7.1187935
2023-09-30 09:00:00,7.1713,7.456102,7.2209287
2023-09-30 10:00:00,6.597,7.8418,7.3779635
2023-09-30 11:00:00,6.5807004,8.117569,7.748634
2023-09-30 12:00:00,6.6106663,8.320257,7.9189377
2023-09-30 13:00:00,6.62745,8.879748,9.096594
2023-09-30 14:00:00,6.81,9.399494,10.968355
2023-09-30 15:00:00,6.965,9.905606,11.502355
2023-09-30 16:00:00,7.0128503,10.511984,11.82971
2023-09-30 16:00:00,7.0128503,8.305462,7.091876
2023-09-30 17:00:00,8.30355,8.601101,7.1710196
2023-09-30 18:00:00,8.4782,8.399381,6.983569
2023-09-30 19:00:00,4.8816,7.9018936,7.0496216
2023-09-30 20:00:00,7.2145,7.484006,6.832035
2023-09-30 21:00:00,7.6639,6.9822235,6.7003155
2023-09-30 22:00:00,6.8911,6.9233456,6.4883666
2023-09-30 23:00:00,6.9331,6.9713316,6.489191
2023-10-01 00:00:00,6.72235,7.114616,6.155741
2023-10-01 01:00:00,6.8913503,7.161444,5.9608574
2023-10-01 02:00:00,6.86975,7.200221,5.88343
2023-10-01 03:00:00,6.7603335,7.001986,5.768056
2023-10-01 04:00:00,6.5252004,6.8001084,5.710441
2023-10-01 05:00:00,6.6982336,6.7601786,5.627343
2023-10-01 06:00:00,6.652967,7.048491,5.7450542
2023-10-01 07:00:00,6.6657996,7.3346076,5.516423
2023-10-01 08:00:00,6.677,7.5802646,6.060085
2023-10-01 09:00:00,6.581525,7.887549,6.492833
2023-10-01 10:00:00,6.4860497,7.88586,6.518837
2023-10-01 11:00:00,6.619867,7.731732,6.184457
2023-10-01 12:00:00,6.84265,7.756874,6.5434546
2023-10-01 13:00:00,6.6187997,7.77309,6.747701
2023-10-01 14:00:00,6.678,7.8565106,6.611395
2023-10-01 15:00:00,6.561625,8.317593,6.506466
2023-10-01 15:00:00,6.561625,6.974776,7.846448
2023-10-01 16:00:00,6.5871,7.6669865,7.9464817
2023-10-01 17:00:00,6.25565,8.20123,7.936813
2023-10-01 18:00:00,5.5223503,8.232766,7.9182343
2023-10-01 19:00:00,6.7626,7.9753504,7.389292
2023-10-01 20:00:00,6.8975754,7.4961042,7.039324
2023-10-01 21:00:00,7.0856,7.37725,7.558052
2023-10-01 22:00:00,7.176,7.2658753,6.7064743
2023-10-01 23:00:00,6.7458,7.2506804,6.7603407
2023-10-02 00:00:00,6.7120333,7.189902,6.69165
2023-10-02 01:00:00,6.6845,7.2630982,6.1222725
2023-10-02 02:00:00,6.7845,7.3277116,6.060247
2023-10-02 03:00:00,6.5312004,7.2840214,6.044164
2023-10-02 04:00:00,7.1212,7.0190525,6.1584754
2023-10-02 05:00:00,5.80725,6.8554306,6.1118283
2023-10-02 06:00:00,6.5453,6.769286,6.1746597
2023-10-02 07:00:00,6.6158667,7.0360165,6.440223
2023-10-02 08:00:00,6.81905,7.4488544,6.575036
2023-10-02 09:00:00,7.0222335,7.6555696,7.1688375
2023-10-02 10:00:00,4.8746,7.750467,7.023614
2023-10-02 11:00:00,6.7286,8.00854,7.655754
2023-10-02 12:00:00,7.3239503,8.038831,8.728846
2023-10-02 13:00:00,7.9311,7.9575586,9.7373295
2023-10-02 14:00:00,10.4783,8.11282,9.213795
2023-10-02 14:00:00,10.4783,7.8164544,8.763354
2023-10-02 15:00:00,10.730634,8.055048,8.209169
2023-10-02 16:00:00,11.1864,8.421268,8.321275
2023-10-02 17:00:00,12.2972,8.798809,8.863144
2023-10-02 18:00:00,12.2452,8.915064,8.495392
2023-10-02 19:00:00,9.682066,8.538623,8.044364
2023-10-02 20:00:00,9.6721,8.379179,7.5392776
2023-10-02 21:00:00,7.2556,8.32163,7.2848554
2023-10-02 22:00:00,6.1505,8.331768,7.3622875
2023-10-02 23:00:00,7.0906005,8.071133,7.01764
2023-10-03 00:00:00,7.1441,7.7848663,6.8188043
2023-10-03 01:00:00,7.1976,7.5589848,6.812113
2023-10-03 02:00:00,7.2511,7.5479436,6.8851795
2023-10-03 03:00:00,7.228067,7.4724417,7.0416284
2023-10-03 04:00:00,5.9962,7.2897625,6.893437
2023-10-03 05:00:00,6.9549,6.881078,7.07142
2023-10-03 06:00:00,7.107725,6.7987223,6.8160086
2023-10-03 07:00:00,7.1724,7.0296116,6.8779206
2023-10-03 08:00:00,7.0521,7.2372656,7.1354747
2023-10-03 09:00:00,6.41712,7.2875624,7.33492
2023-10-03 10:00:00,7.0025,7.3660398,7.1293793
2023-10-03 11:00:00,7.1593,7.4698305,7.1547894
2023-10-03 12:00:00,7.1054,7.6290746,7.402788
2023-10-03 13:00:00,7.191967,7.9790077,7.802399
2023-10-03 13:00:00,7.191967,8.300765,8.036017
2023-10-03 14:00:00,7.112433,9.172048,8.794694
2023-10-03 15:00:00,9.0943,9.805001,9.408225
2023-10-03 16:00:00,8.73865,10.036538,9.749388
2023-10-03 17:00:00,9.996201,10.147752,9.61198
2023-10-03 18:00:00,11.25375,9.697438,9.506179
2023-10-03 19:00:00,9.726675,9.18744,8.641045
2023-10-03 20:00:00,11.988299,8.753708,8.062245
2023-10-03 21:00:00,12.95885,8.482208,7.690245
2023-10-03 22:00:00,12.9145,8.223161,7.5357404
2023-10-03 23:00:00,6.770533,8.205337,6.9309797
2023-10-04 00:00:00,6.7263503,8.063365,6.668954
2023-10-04 01:00:00,5.8959,7.8025346,6.8506527
2023-10-04 02:00:00,5.95185,7.43056,6.4911327
2023-10-04 03:00:00,6.0077996,7.166657,6.0824537
2023-10-04 04:00:00,6.8271003,6.8773594,6.0611663
2023-10-04 05:00:00,6.8665752,6.879801,6.284033
2023-10-04 06:00:00,6.7462,7.116012,6.56968
2023-10-04 07:00:00,5.85052,7.4532633,6.851899
2023-10-04 08:00:00,6.704875,7.6101418,7.385425
2023-10-04 09:00:00,6.7749,7.728615,7.487174
2023-10-04 10:00:00,6.844925,7.5660887,7.4536347
2023-10-04 11:00:00,6.8137,7.3997407,7.8718233
2023-10-04 12:00:00,7.2016,7.5270967,8.739295
2023-10-04 12:00:00,7.2016,7.6670284,8.19191
2023-10-04 13:00:00,8.7979,8.241689,8.716598
2023-10-04 14:00:00,9.4559,8.745444,9.106141
2023-10-04 15:00:00,11.1158,9.014238,9.63752
2023-10-04 16:00:00,11.71305,9.378969,9.811028
2023-10-04 17:00:00,12.142799,9.443649,9.894757
2023-10-04 18:00:00,12.0692005,9.444105,9.830173
2023-10-04 19:00:00,7.8654504,9.442354,9.676599
2023-10-04 20:00:00,12.4564,9.529467,9.779184
2023-10-04 21:00:00,12.5201,9.357228,9.724694
2023-10-04 22:00:00,12.84266,9.143115,9.173696
2023-10-04 23:00:00,10.336651,8.625763,8.605598
2023-10-05 00:00:00,7.0188,8.221469,7.9414062
2023-10-05 01:00:00,7.06115,7.9042377,7.4077973
2023-10-05 02:00:00,7.01915,7.619237,7.1382575
2023-10-05 03:00:00,7.02705,7.3364377,6.8215084
2023-10-05 04:00:00,7.0349503,7.178864,6.558244
2023-10-05 05:00:00,6.97975,7.085033,6.4304023
2023-10-05 06:00:00,7.024133,7.095874,6.4273663
2023-10-05 07:00:00,7.0471,7.097856,6.874938
2023-10-05 08:00:00,6.723,7.1131215,6.8500547
2023-10-05 09:00:00,7.25344,7.122853,7.069772
2023-10-05 10:00:00,7.1028733,7.2715526,7.1200128
2023-10-05 11:00:00,7.244375,7.837859,7.4153986
2023-10-05 11:00:00,7.244375,8.525175,7.742612
2023-10-05 12:00:00,8.871901,9.615898,9.204914
2023-10-05 13:00:00,7.5661497,10.421775,9.928288
2023-10-05 14:00:00,10.80195,10.946138,11.118358
2023-10-05 15:00:00,11.758599,11.361159,11.496622
2023-10-05 16:00:00,12.621099,11.425211,11.306841
2023-10-05 17:00:00,7.9774,11.357579,11.343283
2023-10-05 18:00:00,10.7523,11.296431,11.066723
2023-10-05 19:00:00,12.4433,11.137188,10.899219
2023-10-05 20:00:00,12.949625,11.059506,10.996892
2023-10-05 21:00:00,12.7304,11.070788,10.835717
2023-10-05 22:00:00,12.411321,10.632165,11.105501
2023-10-05 23:00:00,11.5135,9.89923,10.775665
2023-10-06 00:00:00,7.8701,9.187279,9.613568
2023-10-06 01:00:00,9.39435,8.629941,8.707857
2023-10-06 02:00:00,11.6489,8.211278,8.39468
2023-10-06 03:00:00,8.899401,7.9722333,7.5256596
2023-10-06 04:00:00,6.787367,7.8534865,6.860983
2023-10-06 05:00:00,6.82695,7.8315506,7.015627
2023-10-06 06:00:00,6.8665333,7.914321,7.517803
2023-10-06 07:00:00,6.7777004,7.950968,7.0837226
2023-10-06 08:00:00,6.0527,7.780022,6.387775
2023-10-06 09:00:00,5.0677004,7.5523095,6.546715
2023-10-06 10:00:00,6.762433,7.874845,7.2882686
2023-10-06 10:00:00,6.762433,5.6986985,6.7269588
2023-10-06 11:00:00,7.8808,6.5747623,7.1026645
2023-10-06 12:00:00,10.596333,7.3875685,7.60151
2023-10-06 13:00:00,10.7342005,8.030994,7.640393
2023-10-06 14:00:00,11.756833,8.693902,9.177873
2023-10-06 15:00:00,12.187,9.295976,10.225745
2023-10-06 16:00:00,12.2213,9.687023,10.923191
2023-10-06 17:00:00,12.067433,10.112209,11.102709
2023-10-06 18:00:00,12.001134,10.47177,10.989584
2023-10-06 19:00:00,12.254075,10.701401,11.014329
2023-10-06 20:00:00,11.5597,11.252778,11.138299
2023-10-06 21:00:00,11.2578,11.618497,11.511702
2023-10-06 22:00:00,11.2765,11.37969,11.525086
2023-10-06 23:00:00,11.3494005,10.666228,11.064205
2023-10-07 00:00:00,12.131833,9.870572,10.200319
2023-10-07 01:00:00,12.21855,9.3010645,9.836727
2023-10-07 02:00:00,11.73375,8.850439,9.247786
2023-10-07 03:00:00,11.045366,8.174787,8.210208
2023-10-07 04:00:00,6.8231,7.655179,7.279513
2023-10-07 05:00:00,6.65025,7.407774,7.2093325
2023-10-07 06:00:00,6.6934,7.151653,7.528612
2023-10-07 07:00:00,6.6804,6.808683,7.6632795
2023-10-07 08:00:00,6.6866,6.275821,7.3368306
2023-10-07 09:00:00,6.8176003,6.0561304,6.9904385
2023-10-07 09:00:00,6.8176003,6.7257137,7.219491
2023-10-07 10:00:00,6.6187,7.267583,7.3914967
2023-10-07 11:00:00,7.3382797,8.030347,7.26798
2023-10-07 12:00:00,8.1084,8.712065,7.1399703
2023-10-07 13:00:00,8.241,9.106433,7.191808
2023-10-07 14:00:00,8.38645,9.667374,7.2090564
2023-10-07 15:00:00,8.22275,10.259994,7.8709383
2023-10-07 16:00:00,8.2315,11.001662,7.2426314
2023-10-07 17:00:00,8.1683,11.51682,7.3031235
2023-10-07 18:00:00,8.3193,11.726612,7.2101645
2023-10-07 19:00:00,8.269549,12.055184,7.2886505
2023-10-07 20:00:00,8.3152,12.371455,8.020901
2023-10-07 21:00:00,8.43635,12.392231,8.121438
2023-10-07 22:00:00,7.1038337,12.069754,7.8406963
2023-10-07 23:00:00,7.2524,11.328636,7.5965314
2023-10-08 00:00:00,8.4381,10.700855,7.093991
2023-10-08 01:00:00,8.2581,10.313392,7.454902
2023-10-08 02:00:00,8.180175,9.722649,7.1334453
2023-10-08 03:00:00,5.9775,9.037381,6.893116
2023-10-08 04:00:00,6.642067,8.429529,6.716026
2023-10-08 05:00:00,6.6567664,7.917851,6.9913926
2023-10-08 06:00:00,6.6642003,7.6150684,7.3460064
2023-10-08 07:00:00,6.7007003,7.301181,7.0812955
2023-10-08 08:00:00,6.6936,7.1304793,6.9205384
2023-10-08 08:00:00,6.6936,6.6276217,7.2247205
2023-10-08 09:00:00,6.7713,6.6487136,7.0187078
2023-10-08 10:00:00,6.6752667,6.78354,7.39358
2023-10-08 11:00:00,6.6925497,7.138066,7.2941823
2023-10-08 12:00:00,6.716,7.4284716,7.471702
2023-10-08 13:00:00,6.6751003,7.513349,7.1026287
2023-10-08 14:00:00,6.7878,7.6023483,7.4058704
2023-10-08 15:00:00,6.7935753,8.047477,7.734856
2023-10-08 16:00:00,6.7993503,8.336311,8.039796
2023-10-08 17:00:00,5.86155,8.247478,8.170476
2023-10-08 18:00:00,7.1063,8.262763,8.447796
2023-10-08 19:00:00,6.8948,8.326144,8.212651
2023-10-08 20:00:00,6.893467,8.4001465,8.124343
2023-10-08 21:00:00,7.2836003,8.454543,7.821075
2023-10-08 22:00:00,6.07234,8.251467,7.7042546
2023-10-08 23:00:00,6.9532003,7.875114,7.647114
2023-10-09 00:00:00,6.90395,7.4836802,7.4034243
2023-10-09 01:00:00,6.9326,7.2190495,7.889348
2023-10-09 02:00:00,6.96125,7.075184,7.7110167
2023-10-09 03:00:00,7.14335,6.7501187,7.156536
2023-10-09 04:00:00,6.8606,6.479259,7.1395907
2023-10-09 05:00:00,6.88775,6.482282,7.406125
2023-10-09 06:00:00,6.8086333,6.5510664,7.3760376
2023-10-09 07:00:00,6.79485,6.648426,7.5596023
2023-10-09 07:00:00,6.79485,6.963417,7.090989
2023-10-09 08:00:00,6.8976,7.077861,7.112636
2023-10-09 09:00:00,11.8245,7.2174067,6.869313
2023-10-09 10:00:00,13.56135,7.478598,7.0276275
2023-10-09 11:00:00,13.60325,7.747199,6.9286237
2023-10-09 12:00:00,13.505401,7.7396603,7.149591
2023-10-09 13:00:00,10.886,7.6702795,8.712476
2023-10-09 14:00:00,10.88815,7.859357,10.111224
2023-10-09 15:00:00,15.57385,8.145001,11.123758
2023-10-09 16:00:00,15.05585,8.2523985,12.006011
2023-10-09 17:00:00,13.1807995,8.391855,12.465907
2023-10-09 18:00:00,12.4905,8.543564,12.607295
2023-10-09 19:00:00,8.08695,8.624958,12.637852
2023-10-09 20:00:00,13.224424,8.687919,12.150018
2023-10-09 21:00:00,13.224424,8.726333,11.745247
2023-10-09 22:00:00,12.31355,8.550109,11.353453
2023-10-09 23:00:00,11.0562,8.357199,11.264987
2023-10-10 00:00:00,11.2789,8.278718,10.677826
2023-10-10 01:00:00,9.58988,8.341719,9.912845
2023-10-10 02:00:00,10.9348,8.205427,9.347495
2023-10-10 03:00:00,9.4207,7.878262,8.045925
2023-10-10 04:00:00,7.924,7.5558763,7.277597
2023-10-10 05:00:00,7.3326,7.406148,7.122038
2023-10-10 06:00:00,7.2761,7.370611,7.5645657
2023-10-10 06:00:00,7.2761,8.453891,9.055949
2023-10-10 07:00:00,6.142,8.962891,9.390125
2023-10-10 08:00:00,7.7564,9.476122,9.461912
2023-10-10 09:00:00,7.4528337,10.070146,9.87678
2023-10-10 10:00:00,7.1492667,10.801095,10.553538
2023-10-10 11:00:00,7.1392,11.231944,11.275514
2023-10-10 12:00:00,10.384049,11.509986,12.195807
2023-10-10 13:00:00,10.7254,11.853986,13.212627
2023-10-10 14:00:00,12.37855,12.330579,13.443428
2023-10-10 15:00:00,12.6997,12.913851,14.256655
2023-10-10 16:00:00,13.90885,13.44805,14.5550585
2023-10-10 17:00:00,13.45162,13.561977,14.472626
2023-10-10 18:00:00,11.5407,13.403237,14.33192
2023-10-10 19:00:00,10.72225,13.095506,13.482592
2023-10-10 20:00:00,9.9038,12.894253,13.614109
2023-10-10 21:00:00,7.1148667,12.4789715,13.160392
2023-10-10 22:00:00,6.9312,11.904823,12.467006
2023-10-10 23:00:00,6.7475333,11.389601,11.145173
2023-10-11 00:00:00,6.5638666,11.103466,10.856326
2023-10-11 01:00:00,6.5638666,10.728689,10.336192
2023-10-11 02:00:00,7.3309503,10.123171,10.136174
2023-10-11 03:00:00,7.1451335,9.337541,9.346114
2023-10-11 04:00:00,6.1692996,8.543651,8.110855
2023-10-11 05:00:00,5.5182004,8.21835,7.8965187
2023-10-11 05:00:00,5.5182004,5.7552266,5.7535663
2023-10-11 06:00:00,7.2653,5.90455,5.970928
2023-10-11 07:00:00,7.1238666,6.136565,6.3517284
2023-10-11 08:00:00,7.0895667,6.506693,6.3465776
2023-10-11 09:00:00,10.8322,7.1062627,6.889373
2023-10-11 10:00:00,11.588401,7.7631283,7.0180273
2023-10-11 11:00:00,12.3446,8.218982,8.233581
2023-10-11 12:00:00,13.1008,8.628774,9.4257555
2023-10-11 13:00:00,12.55865,8.868614,9.638443
2023-10-11 14:00:00,12.40695,9.007023,10.768464
2023-10-11 15:00:00,12.850849,9.283313,11.043656
2023-10-11 16:00:00,13.302401,9.496949,11.267763
2023-10-11 17:00:00,13.19535,9.519082,11.386637
2023-10-11 18:00:00,11.5407,9.311278,10.931633
2023-10-11 19:00:00,10.72225,8.8085985,10.742895
2023-10-11 20:00:00,9.9038,8.311066,10.494232
2023-10-11 21:00:00,7.1148667,7.62781,9.591489
2023-10-11 22:00:00,6.9312,6.8665795,8.660242
2023-10-11 23:00:00,6.7475333,6.4378633,7.7375827
2023-10-12 00:00:00,7.1438503,6.2991004,6.6352396
2023-10-12 01:00:00,6.9944,6.2227025,6.6966534
2023-10-12 02:00:00,7.1997666,6.2388573,6.8378353
2023-10-12 03:00:00,7.1798997,6.027075,6.5547175
2023-10-12 04:00:00,7.35065,6.02578,6.727132
2023-10-12 04:00:00,7.35065,7.299085,6.0984545
2023-10-12 05:00:00,7.104,7.7619705,5.913832
2023-10-12 06:00:00,7.0564,8.585142,6.4053874
2023-10-12 07:00:00,7.098775,9.454729,7.3204455
2023-10-12 08:00:00,7.1241,10.50322,8.350963
2023-10-12 09:00:00,7.30575,11.794514,10.26777
2023-10-12 10:00:00,6.9114003,12.653205,12.226983
2023-10-12 11:00:00,7.074967,13.219422,12.967317
2023-10-12 12:00:00,7.12,13.433091,12.9338
2023-10-12 13:00:00,7.633867,13.193618,12.801818
2023-10-12 14:00:00,13.258849,13.037176,12.854899
2023-10-12 15:00:00,13.647651,13.229036,13.280255
2023-10-12 16:00:00,12.82615,13.3036375,13.518654
2023-10-12 17:00:00,12.00465,13.04278,12.990137
2023-10-12 18:00:00,13.0011,12.449417,12.504069
2023-10-12 19:00:00,11.8332,11.756592,11.512464
2023-10-12 20:00:00,11.937201,11.047105,10.858683
2023-10-12 21:00:00,11.36205,10.047878,8.993522
2023-10-12 22:00:00,11.199533,9.282655,8.174057
2023-10-12 23:00:00,11.028,9.060549,7.7424517
2023-10-13 00:00:00,8.52628,8.919233,8.001654
2023-10-13 01:00:00,8.1787,9.044937,7.331563
2023-10-13 02:00:00,7.2872,9.022699,7.3983493
2023-10-13 03:00:00,7.3732996,8.878285,6.8586125
2023-10-13 03:00:00,7.3732996,6.6283574,7.098619
2023-10-13 04:00:00,7.2504,5.8825235,7.0172787
2023-10-13 05:00:00,7.1511,5.4599338,7.107571
2023-10-13 06:00:00,7.1888337,5.3620677,7.024433
2023-10-13 07:00:00,7.16455,5.308973,7.0080724
2023-10-13 08:00:00,7.3490667,5.5386534,7.066745
2023-10-13 09:00:00,7.153067,6.0813646,7.3899236
2023-10-13 10:00:00,7.0497003,6.725864,7.585813
2023-10-13 11:00:00,7.298,7.3044486,7.5183053
2023-10-13 12:00:00,7.135125,7.948764,7.6991653
2023-10-13 13:00:00,7.14555,8.847268,7.407627
2023-10-13 14:00:00,7.0588665,10.006056,7.9204087
2023-10-13 15:00:00,10.744066,11.022547,8.731159
2023-10-13 16:00:00,12.1912,11.701373,8.293878
2023-10-13 17:00:00,11.638333,11.922718,8.533605
2023-10-13 18:00:00,11.687349,11.801849,8.181232
2023-10-13 19:00:00,11.1571,11.571669,8.696517
2023-10-13 20:00:00,9.09555,11.173367,8.783504
2023-10-13 21:00:00,8.745234,10.645683,7.967289
2023-10-13 22:00:00,9.09555,10.160713,7.5538197
2023-10-13 23:00:00,7.952875,9.608532,8.094854
2023-10-14 00:00:00,7.0047,9.110333,7.4834266
2023-10-14 01:00:00,7.0087333,8.4263,7.597673
2023-10-14 02:00:00,5.71985,7.5727262,7.3067503
2023-10-14 02:00:00,5.71985,6.306904,6.5412016
2023-10-14 03:00:00,6.8553,5.63348,6.356545
2023-10-14 04:00:00,6.825975,5.1978717,6.30276
2023-10-14 05:00:00,6.902,5.1558113,6.2762823
2023-10-14 06:00:00,6.8549,5.281208,6.294118
2023-10-14 07:00:00,6.87825,5.60808,6.5369353
2023-10-14 08:00:00,6.88275,6.1385007,6.3369117
2023-10-14 09:00:00,6.81536,6.781021,6.209974
2023-10-14 10:00:00,6.852033,7.2844205,6.435355
2023-10-14 11:00:00,6.6012,7.716899,6.162236
2023-10-14 12:00:00,7.04435,8.308583,6.891792
2023-10-14 13:00:00,6.7918334,8.997597,6.9041753
2023-10-14 14:00:00,6.827133,9.708377,6.719603
2023-10-14 15:00:00,6.6931,10.468989,7.111268
2023-10-14 16:00:00,6.8426,10.954112,7.4994955
2023-10-14 17:00:00,8.7801,11.010403,7.22834
2023-10-14 18:00:00,8.6442995,10.67441,7.5164576
2023-10-14 19:00:00,8.53555,10.098597,7.144511
2023-10-14 20:00:00,8.5608,9.428702,7.225544
2023-10-14 21:00:00,8.5272,8.730146,6.848063
2023-10-14 22:00:00,8.432799,8.219813,7.0303507
2023-10-14 23:00:00,8.450075,7.8559084,7.1549788
2023-10-15 00:00:00,7.54175,7.4392304,6.9187913
2023-10-15 01:00:00,6.8968997,7.033687,6.6860347
2023-10-15 01:00:00,6.8968997,7.6954513,7.2851567
2023-10-15 02:00:00,6.9211,7.6541243,6.6089134
2023-10-15 03:00:00,7.3072004,7.534486,6.7963862
2023-10-15 04:00:00,6.9205,7.3369355,6.6612663
2023-10-15 05:00:00,6.972567,7.2256074,6.453574
2023-10-15 06:00:00,6.732122,7.026252,6.24941
2023-10-15 07:00:00,6.8093,7.068429,6.049642
2023-10-15 08:00:00,6.9844003,7.179252,6.2791324
2023-10-15 09:00:00,6.900067,7.314044,6.411932
2023-10-15 10:00:00,6.9407997,7.354775,6.2475696
2023-10-15 11:00:00,6.981533,7.5156336,6.5949564
2023-10-15 12:00:00,6.8517003,7.696308,6.88269
2023-10-15 13:00:00,7.3427997,7.877641,6.7095184
2023-10-15 14:00:00,6.8846498,8.137589,6.891559
2023-10-15 15:00:00,6.9046,8.522577,7.116989
2023-10-15 16:00:00,6.9967003,8.775586,7.1089544
2023-10-15 17:00:00,6.9341803,8.993058,7.4746532
2023-10-15 18:00:00,6.9785,9.089793,7.5432034
2023-10-15 19:00:00,6.9923997,9.099597,7.591271
2023-10-15 20:00:00,6.8756,8.898036,7.563852
2023-10-15 21:00:00,7.0245,8.697679,7.343675
2023-10-15 22:00:00,7.0481,8.596716,6.9830785
2023-10-15 23:00:00,7.1552334,8.467621,6.7180367
2023-10-16 00:00:00,6.899125,8.311938,6.7147946
2023-10-16 00:00:00,6.899125,7.083154,6.2730703
2023-10-16 01:00:00,7.1022,7.0756288,6.353296
2023-10-16 02:00:00,6.924175,7.0893025,6.1476336
2023-10-16 03:00:00,6.74615,7.046568,6.2377324
2023-10-16 04:00:00,6.9768,7.1902447,6.2617393
2023-10-16 05:00:00,7.1787996,7.0262265,6.4342475
2023-10-16 06:00:00,6.9657,7.0919895,6.7881103
2023-10-16 07:00:00,6.9875,7.1873884,7.0970635
2023-10-16 08:00:00,7.0251,7.237529,7.261993
2023-10-16 09:00:00,7.011567,7.190939,7.3469357
2023-10-16 10:00:00,6.9087,7.2476745,7.689583
2023-10-16 11:00:00,6.98205,7.306678,8.318411
2023-10-16 12:00:00,6.9027996,7.5865593,8.911732
2023-10-16 13:00:00,6.882867,7.839459,9.943105
2023-10-16 14:00:00,6.8983335,8.1932535,10.616992
2023-10-16 15:00:00,7.0476003,8.291593,11.377226
2023-10-16 16:00:00,6.8724,8.366083,11.337283
2023-10-16 17:00:00,9.434151,8.453815,11.668215
2023-10-16 18:00:00,11.3254,8.412281,11.336359
2023-10-16 19:00:00,10.847651,8.157693,11.437609
2023-10-16 20:00:00,10.369901,8.019428,11.255539
2023-10-16 21:00:00,7.42145,7.943483,10.586823
2023-10-16 22:00:00,7.0178,7.7913985,10.239845
2023-10-16 23:00:00,6.70875,7.6706233,9.078848
2023-10-16 23:00:00,6.70875,7.796049,8.066471
2023-10-17 00:00:00,6.6731,7.6594687,8.103047
2023-10-17 01:00:00,6.68865,7.5724216,8.198072
2023-10-17 02:00:00,6.7901,7.373051,7.7906713
2023-10-17 03:00:00,6.68075,7.122294,7.1652746
2023-10-17 04:00:00,6.665,6.487801,6.9834204
2023-10-17 05:00:00,6.0393,6.1474037,6.879037
2023-10-17 06:00:00,6.6259,5.8764596,6.2311764
2023-10-17 07:00:00,6.6890497,5.8599024,6.2850466
2023-10-17 08:00:00,6.7522,6.048002,6.6334305
2023-10-17 09:00:00,6.737225,6.530721,6.8210297
2023-10-17 10:00:00,6.690201,6.9168515,6.9862995
2023-10-17 11:00:00,5.818,7.2189074,6.868983
2023-10-17 12:00:00,6.608975,7.5101986,7.0457177
2023-10-17 13:00:00,6.6384,7.8997154,7.645859
2023-10-17 14:00:00,6.6888,8.122106,8.122793
2023-10-17 15:00:00,8.8339,8.550098,8.795619
2023-10-17 16:00:00,9.20615,9.218428,9.4879675
2023-10-17 17:00:00,10.1552,9.862324,10.338832
2023-10-17 18:00:00,11.38155,10.206168,10.342018
2023-10-17 19:00:00,11.7782,10.30679,10.214796
2023-10-17 20:00:00,12.10245,10.017036,9.926183
2023-10-17 21:00:00,11.554167,9.492796,9.734695
2023-10-17 22:00:00,6.5511003,9.122228,9.412743
2023-10-17 22:00:00,6.5511003,11.150026,10.097512
2023-10-17 23:00:00,6.807433,10.818844,9.973111
2023-10-18 00:00:00,6.737,10.524039,9.78223
2023-10-18 01:00:00,6.7126,10.180542,9.781077
2023-10-18 02:00:00,6.75645,9.853214,9.284268
2023-10-18 03:00:00,6.8002996,9.259749,8.925436
2023-10-18 04:00:00,6.84415,8.758377,8.092498
2023-10-18 05:00:00,6.70725,8.071957,7.6678987
2023-10-18 06:00:00,6.376125,7.4396806,7.213878
2023-10-18 07:00:00,6.79425,7.0210114,7.3568416
2023-10-18 08:00:00,6.7641,6.9603515,7.340476
2023-10-18 09:00:00,6.72735,7.0727134,7.2547965
2023-10-18 10:00:00,6.8071003,7.36008,7.415056
2023-10-18 11:00:00,6.71248,7.646995,7.34855
2023-10-18 12:00:00,6.70885,7.9200354,7.470607
2023-10-18 13:00:00,6.9879,8.040364,7.482423
2023-10-18 14:00:00,7.6682,8.274338,7.712966
2023-10-18 15:00:00,9.71725,8.748251,8.265333
2023-10-18 16:00:00,9.442599,9.32334,9.187475
2023-10-18 17:00:00,9.9560995,9.978339,10.118442
2023-10-18 18:00:00,10.0316,10.673842,10.317743
2023-10-18 19:00:00,9.587733,10.995571,10.239031
2023-10-18 20:00:00,7.5791,11.010016,10.123258
2023-10-18 21:00:00,10.859467,10.903068,10.140505
2023-10-18 21:00:00,10.859467,8.120249,8.124742
2023-10-18 22:00:00,14.139833,7.736759,7.9303756
2023-10-18 23:00:00,11.448099,7.5558176,7.8402495
2023-10-19 00:00:00,7.0429,7.3547688,7.7504306
2023-10-19 01:00:00,5.1942997,7.174491,6.9837465
2023-10-19 02:00:00,5.7267003,6.786507,6.93057
2023-10-19 03:00:00,6.2591,6.614804,6.640505
2023-10-19 04:00:00,7.0647,6.284328,6.204468
2023-10-19 05:00:00,6.9621,6.051277,5.82784
2023-10-19 06:00:00,7.0248,5.9211082,5.57056
2023-10-19 07:00:00,6.9143667,6.2271814,5.9028864
2023-10-19 08:00:00,6.803933,6.737691,5.9154015
2023-10-19 09:00:00,7.0929246,7.2861853,5.9191494
2023-10-19 10:00:00,5.2703,7.6580796,6.182679
2023-10-19 11:00:00,7.21125,7.902912,6.2435765
2023-10-19 12:00:00,6.92845,7.9236784,6.484178
2023-10-19 13:00:00,7.3857,8.044434,6.390214
2023-10-19 14:00:00,7.6697,8.38335,6.6718826
2023-10-19 15:00:00,9.048425,8.716771,6.8715544
2023-10-19 16:00:00,10.2203,8.944925,7.3689795
2023-10-19 17:00:00,10.20545,9.345977,7.668847
2023-10-19 18:00:00,10.560599,9.402876,7.6845927
2023-10-19 19:00:00,11.410951,9.112945,7.5912495
2023-10-19 20:00:00,11.5391,8.697162,7.580672
2023-10-19 20:00:00,11.5391,11.138969,10.702888
2023-10-19 21:00:00,10.790099,11.214144,10.743617
2023-10-19 22:00:00,11.2597,11.234752,10.577515
2023-10-19 23:00:00,11.1525,10.7573395,10.370968
2023-10-20 00:00:00,11.55845,10.2008505,9.615999
2023-10-20 01:00:00,6.7932,9.449268,8.86171
2023-10-20 02:00:00,6.7839503,9.041493,8.08621
2023-10-20 03:00:00,4.91395,8.637737,7.418796
2023-10-20 04:00:00,6.4424,8.22543,7.444199
2023-10-20 05:00:00,6.6484666,7.804677,7.3158054
2023-10-20 06:00:00,6.5927,7.43908,7.0177817
2023-10-20 07:00:00,5.0555,7.192671,7.009629
2023-10-20 08:00:00,6.637625,7.254916,6.788029
2023-10-20 09:00:00,6.66965,7.2709794,6.9707317
2023-10-20 10:00:00,6.701675,7.3562603,6.8195143
2023-10-20 11:00:00,5.4586663,7.5385666,6.4323545
2023-10-20 12:00:00,7.37185,7.941407,6.7478747
2023-10-20 13:00:00,8.7789,8.465196,7.279548
2023-10-20 14:00:00,7.588067,8.901643,8.495922
2023-10-20 15:00:00,9.0801,9.287717,9.65356
2023-10-20 16:00:00,10.572134,9.823149,10.188968
2023-10-20 17:00:00,9.646825,10.24385,10.308929
2023-10-20 18:00:00,9.841634,10.596818,10.30834
2023-10-20 19:00:00,9.6453,10.801097,10.24002
2023-10-20 19:00:00,9.6453,10.581819,8.350993
2023-10-20 20:00:00,9.625875,10.52412,8.165206
2023-10-20 21:00:00,9.60645,10.433264,8.137299
2023-10-20 22:00:00,9.587026,10.14688,8.254206
2023-10-20 23:00:00,6.2428503,9.710018,8.210701
2023-10-21 00:00:00,6.5877004,8.799252,8.236845
2023-10-21 01:00:00,6.93255,8.037036,7.9256077
2023-10-21 02:00:00,6.9694,7.3695216,7.5093527
2023-10-21 03:00:00,5.62045,6.916777,7.3745255
2023-10-21 04:00:00,6.903,6.660776,6.7635446
2023-10-21 05:00:00,6.9329,6.6421003,6.2565866
2023-10-21 06:00:00,6.8645,6.521185,6.188257
2023-10-21 07:00:00,5.2874,6.5477734,6.2910576
2023-10-21 08:00:00,6.9848,6.755739,6.2212553
2023-10-21 09:00:00,6.4992003,6.9654865,6.607693
2023-10-21 10:00:00,6.8522334,7.0098004,6.357524
2023-10-21 11:00:00,6.3163,7.2596526,6.3200097
2023-10-21 12:00:00,5.9777,7.9419193,6.371971
2023-10-21 13:00:00,6.8284,8.584425,6.728076
2023-10-21 14:00:00,5.90145,9.018237,6.3572245
2023-10-21 15:00:00,5.9663997,9.6166525,6.6841702
2023-10-21 16:00:00,6.6732,9.850481,6.823393
2023-10-21 17:00:00,7.38,9.934618,6.774104
2023-10-21 18:00:00,6.400775,10.163144,7.011134
2023-10-21 18:00:00,6.400775,7.420928,6.389041
2023-10-21 19:00:00,4.9182,7.5821986,6.3607864
2023-10-21 20:00:00,6.982633,7.622251,6.212391
2023-10-21 21:00:00,9.802401,7.4657993,6.129435
2023-10-21 22:00:00,6.8679,7.4167237,6.018921
2023-10-21 23:00:00,4.901,6.9937725,6.005036
2023-10-22 00:00:00,6.9036,6.74609,5.880944
2023-10-22 01:00:00,6.7532,6.5802016,5.938562
2023-10-22 02:00:00,6.941475,6.6181974,5.8372884
2023-10-22 03:00:00,6.8897004,6.669026,5.997391
2023-10-22 04:00:00,7.1614,6.819059,5.9149013
2023-10-22 05:00:00,6.785625,6.7907667,5.8639116
2023-10-22 06:00:00,6.8487,6.806274,5.940981
2023-10-22 07:00:00,6.5472,6.825554,5.848617
2023-10-22 08:00:00,6.678,6.9921045,6.052098
2023-10-22 09:00:00,4.8802996,6.9891896,5.357071
2023-10-22 10:00:00,6.8455,6.9999547,5.856501
2023-10-22 11:00:00,6.6911497,7.3123035,6.109927
2023-10-22 12:00:00,6.6580496,7.4992805,6.260058
2023-10-22 13:00:00,6.8868,7.538474,6.11595
2023-10-22 14:00:00,4.9014,7.73267,6.118097
2023-10-22 15:00:00,6.7272334,7.8270593,6.6166058
2023-10-22 16:00:00,6.6147003,7.9132876,6.6371617
2023-10-22 17:00:00,6.9498997,8.218874,6.0895057
2023-10-22 17:00:00,6.9498997,6.7293963,6.558755
2023-10-22 18:00:00,6.3743253,7.0596642,6.793453
2023-10-22 19:00:00,6.7380333,7.36325,6.731692
2023-10-22 20:00:00,6.7712,7.6530027,6.8112783
2023-10-22 21:00:00,6.8043666,8.216412,7.4486217
2023-10-22 22:00:00,6.837533,8.2066765,7.4792585
2023-10-22 23:00:00,6.1222997,7.9736705,6.280513
2023-10-23 00:00:00,6.807,7.6580625,5.820938
2023-10-23 01:00:00,6.7237334,7.4928184,5.714326
2023-10-23 02:00:00,6.9867997,7.3760557,5.633247
2023-10-23 03:00:00,7.2498665,7.3756266,5.5859675
2023-10-23 04:00:00,6.7672253,7.340496,5.802817
2023-10-23 05:00:00,6.7388997,7.4679008,5.939083
2023-10-23 06:00:00,6.6953998,7.4540596,5.8397627
2023-10-23 07:00:00,6.9372997,7.4099603,5.9165154
2023-10-23 08:00:00,6.9736,7.135451,5.8531213
2023-10-23 09:00:00,7.7925,6.803313,5.6986966
2023-10-23 10:00:00,10.1658,6.8385878,5.6079473
2023-10-23 11:00:00,7.9501,7.1815715,6.688822
2023-10-23 12:00:00,10.9361,7.531101,7.751371
2023-10-23 13:00:00,12.61705,7.986998,9.04177
2023-10-23 14:00:00,12.5856,8.08883,9.579046
2023-10-23 15:00:00,10.434099,8.077774,10.057014
2023-10-23 16:00:00,13.717,8.341396,10.318514
2023-10-23 16:00:00,13.717,11.228693,10.661209
2023-10-23 17:00:00,11.452,11.287565,10.493143
2023-10-23 18:00:00,12.287233,11.249993,10.414664
2023-10-23 19:00:00,12.69865,11.139837,10.14358
2023-10-23 20:00:00,11.2428665,10.90838,9.995286
2023-10-23 21:00:00,10.65295,10.273646,9.055018
2023-10-23 22:00:00,8.305567,9.634334,8.409895
2023-10-23 23:00:00,7.1298275,8.750934,8.042977
2023-10-24 00:00:00,10.9318495,8.044883,7.3847017
2023-10-24 01:00:00,10.66895,7.3864484,6.7428584
2023-10-24 02:00:00,10.40605,7.133256,6.622476
2023-10-24 03:00:00,9.225776,7.206341,6.9694943
2023-10-24 04:00:00,7.7417336,7.399601,7.2551966
2023-10-24 05:00:00,7.7642,7.540139,6.9501185
2023-10-24 06:00:00,8.0773,7.761319,7.2003756
2023-10-24 07:00:00,6.8845334,7.786778,7.3269515
2023-10-24 08:00:00,9.5468,8.007622,7.4658647
2023-10-24 09:00:00,10.693951,8.500581,8.067026
2023-10-24 10:00:00,10.9893,9.231793,8.608024
2023-10-24 11:00:00,12.044,9.967705,8.678216
2023-10-24 12:00:00,9.855901,10.844491,9.756146
2023-10-24 13:00:00,12.621901,11.401941,10.192511
2023-10-24 14:00:00,11.586866,11.463695,10.952381
2023-10-24 15:00:00,10.065667,11.453681,10.077334
2023-10-24 15:00:00,10.065667,12.222211,12.430555
2023-10-24 16:00:00,11.2939005,12.807918,12.211242
2023-10-24 17:00:00,12.0953,12.994991,12.273831
2023-10-24 18:00:00,11.479875,12.785268,12.271979
2023-10-24 19:00:00,8.0353,12.511289,12.171122
2023-10-24 20:00:00,11.52355,11.9349785,11.642378
2023-10-24 21:00:00,11.3118,11.364161,10.901392
2023-10-24 22:00:00,11.42995,10.510238,10.528724
2023-10-24 23:00:00,10.1341,9.855838,9.439279
2023-10-25 00:00:00,8.83825,9.60683,9.721037
2023-10-25 01:00:00,9.0856,9.529631,9.502354
2023-10-25 02:00:00,9.0359,9.4453335,9.20651
2023-10-25 03:00:00,7.8971,9.323354,9.34659
2023-10-25 04:00:00,6.9244504,8.998262,8.700818
2023-10-25 05:00:00,6.7938,8.817617,8.302571
2023-10-25 06:00:00,6.101817,8.701028,8.321928
2023-10-25 07:00:00,6.9912996,8.757879,8.585143
2023-10-25 08:00:00,6.936533,9.121032,9.101857
2023-10-25 09:00:00,6.94725,9.584657,9.934206
2023-10-25 10:00:00,11.61445,10.095462,10.904391
2023-10-25 11:00:00,10.5738,10.490668,11.628453
2023-10-25 12:00:00,11.073,10.43252,12.002987
2023-10-25 13:00:00,10.545633,10.362091,11.843576
2023-10-25 14:00:00,10.863833,10.301524,11.569888
2023-10-25 14:00:00,10.863833,10.479605,11.526962
2023-10-25 15:00:00,11.1158,10.686893,11.692738
2023-10-25 16:00:00,11.814125,11.190019,12.102794
2023-10-25 17:00:00,12.51245,11.297931,12.6185055
2023-10-25 18:00:00,11.08595,11.280377,12.402049
2023-10-25 19:00:00,11.5966,10.992986,11.892862
2023-10-25 20:00:00,11.003134,10.732504,11.349072
2023-10-25 21:00:00,11.096701,10.205617,11.374077
2023-10-25 22:00:00,11.0009,9.341322,10.109484
2023-10-25 23:00:00,9.52885,8.653473,9.10135
2023-10-26 00:00:00,9.167434,8.429906,9.067956
2023-10-26 01:00:00,9.0688,8.253895,9.425242
2023-10-26 02:00:00,6.5767,8.250302,8.864551
2023-10-26 03:00:00,8.7192,8.079107,8.114166
2023-10-26 04:00:00,7.2004,7.623528,7.816846
2023-10-26 05:00:00,7.0206003,7.3199496,7.5312815
2023-10-26 06:00:00,6.91605,7.287937,7.0102797
2023-10-26 07:00:00,5.8508,7.476643,7.1511908
2023-10-26 08:00:00,6.8838,7.7407894,7.42002
2023-10-26 09:00:00,6.8089,8.291986,7.9963593
2023-10-26 10:00:00,6.7977004,9.236296,9.726261
2023-10-26 11:00:00,12.7365,9.803786,10.548546
2023-10-26 12:00:00,12.16405,10.104241,10.666041
2023-10-26 13:00:00,11.591599,10.332115,10.85766
2023-10-26 13:00:00,11.591599,12.431796,11.507692
2023-10-26 14:00:00,10.3204,12.586458,11.761777
2023-10-26 15:00:00,9.4722,12.903404,11.4783
2023-10-26 16:00:00,8.624,13.273054,11.908245
2023-10-26 17:00:00,10.0841,13.706456,11.996374
2023-10-26 18:00:00,9.983951,13.807224,12.033145
2023-10-26 19:00:00,2.5764334,13.68267,12.126773
2023-10-26 20:00:00,9.9924,13.349217,12.16838
2023-10-26 21:00:00,7.196,12.677897,11.681651
2023-10-26 22:00:00,10.31565,11.622296,10.36344
2023-10-26 23:00:00,9.573067,10.578612,9.50403
2023-10-27 00:00:00,9.24395,9.750418,9.148449
2023-10-27 01:00:00,9.1134,9.415891,8.811917
2023-10-27 02:00:00,7.8983502,9.25594,8.725677
2023-10-27 03:00:00,6.9555497,8.938648,8.488673
2023-10-27 04:00:00,6.9042997,8.42592,8.200927
2023-10-27 05:00:00,6.794467,8.0654335,7.7943854
2023-10-27 06:00:00,6.8984,7.9414725,7.5003576
2023-10-27 07:00:00,6.7598,7.886005,7.4919205
2023-10-27 08:00:00,6.8057003,8.12465,7.134528
2023-10-27 09:00:00,6.8516,8.757192,7.5743837
2023-10-27 10:00:00,6.6334667,9.632605,9.079634
2023-10-27 11:00:00,7.497925,10.533178,10.603223
2023-10-27 12:00:00,4.9406,11.282649,11.231463
2023-10-27 12:00:00,4.9406,7.9623027,7.525342
2023-10-27 13:00:00,10.0601,8.0955715,7.4332533
2023-10-27 14:00:00,10.0677,8.004266,7.3490114
2023-10-27 15:00:00,9.7261,7.91355,7.5341883
2023-10-27 16:00:00,10.4895,8.1446,7.71325
2023-10-27 17:00:00,10.164849,8.254176,8.19835
2023-10-27 18:00:00,10.312401,8.202854,7.9327364
2023-10-27 19:00:00,7.2532,8.212197,7.9527664
2023-10-27 20:00:00,7.1786003,8.472371,7.7804995
2023-10-27 21:00:00,10.313533,8.54857,7.3493266
2023-10-27 22:00:00,8.193587,8.487699,7.2107887
2023-10-27 23:00:00,10.50095,8.27044,7.421193
2023-10-28 00:00:00,9.821434,8.166393,7.2750373
2023-10-28 01:00:00,8.552767,8.144994,7.1744
2023-10-28 02:00:00,7.2841,8.147729,7.2541184
2023-10-28 03:00:00,7.00145,7.966001,6.7226324
2023-10-28 04:00:00,6.913567,7.600277,6.7219753
2023-10-28 05:00:00,7.5999,7.393935,6.7015433
2023-10-28 06:00:00,6.97325,7.3609614,6.4290032
2023-10-28 07:00:00,6.86,7.3807807,5.2378664
2023-10-28 08:00:00,6.8083,7.466258,5.772042
2023-10-28 09:00:00,6.853367,7.501674,6.8764806
2023-10-28 10:00:00,6.83725,7.783245,7.3456836
2023-10-28 11:00:00,6.821133,8.244477,7.667635
2023-10-28 11:00:00,6.821133,7.4189076,6.5977144
2023-10-28 12:00:00,6.7408667,7.936555,6.957355
2023-10-28 13:00:00,6.82385,8.56783,7.1897993
2023-10-28 14:00:00,7.0751,9.087535,7.436884
2023-10-28 15:00:00,6.9203997,9.474663,7.931373
2023-10-28 16:00:00,6.8366003,9.813509,8.941504
2023-10-28 17:00:00,7.0975,9.974351,9.614952
2023-10-28 18:00:00,4.9593997,9.899984,9.210559
2023-10-28 19:00:00,5.5475,9.741229,8.776963
2023-10-28 20:00:00,6.2207665,9.885979,8.861478
2023-10-28 21:00:00,6.8940334,10.155738,9.336997
2023-10-28 22:00:00,6.7364,10.065427,9.101373
2023-10-28 23:00:00,6.75035,9.671432,9.453076
2023-10-29 00:00:00,6.649911,9.253283,9.072789
2023-10-29 01:00:00,6.7643,8.824282,8.220039
2023-10-29 02:00:00,6.7719502,8.344558,7.5664225
2023-10-29 03:00:00,6.8012004,7.9436364,7.1660423
2023-10-29 04:00:00,6.765567,7.6223426,6.420568
2023-10-29 05:00:00,6.7402997,7.476316,6.322084
2023-10-29 06:00:00,4.9452,7.5960407,6.358685
2023-10-29 07:00:00,4.9403,7.910994,6.2981515
2023-10-29 08:00:00,6.91986,7.9062014,6.317225
2023-10-29 09:00:00,8.89942,7.8012233,6.4664006
2023-10-29 10:00:00,6.38766,8.182509,7.7575436
2023-10-29 10:00:00,6.38766,7.878906,7.260888
2023-10-29 11:00:00,5.85815,7.9667873,7.098371
2023-10-29 12:00:00,5.85815,7.9039345,7.418917
2023-10-29 13:00:00,7.0006,7.947043,7.3749013
2023-10-29 14:00:00,6.8739,8.033105,7.5149555
2023-10-29 15:00:00,6.7472,7.9119186,7.176213
2023-10-29 16:00:00,7.07635,7.89462,6.9327173
2023-10-29 17:00:00,6.7867002,7.9863944,7.0221324
2023-10-29 18:00:00,6.0527997,7.7800937,6.607441
2023-10-29 19:00:00,4.9444,7.3695493,6.4868145
2023-10-29 20:00:00,5.8882003,7.220351,6.310096
2023-10-29 21:00:00,6.7123,7.121085,6.2792034
2023-10-29 22:00:00,6.919,7.05685,5.947498
2023-10-29 23:00:00,6.302675,7.123223,6.3473015
2023-10-30 00:00:00,6.658567,7.1780686,6.419639
2023-10-30 01:00:00,6.725,6.983406,6.188277
2023-10-30 02:00:00,6.7914333,6.7834425,6.3427653
2023-10-30 03:00:00,6.8002996,6.7212152,6.2235765
2023-10-30 04:00:00,6.7686,6.657655,5.9931498
2023-10-30 05:00:00,6.6657333,6.6500254,5.8469353
2023-10-30 06:00:00,6.6571,6.924655,5.625616
2023-10-30 07:00:00,6.64125,7.280345,5.9013205
2023-10-30 08:00:00,6.753875,7.5723305,5.8905897
2023-10-30 09:00:00,6.78085,8.038032,6.2441616
2023-10-30 09:00:00,6.78085,6.7978525,5.872029
2023-10-30 10:00:00,6.6457,7.1351094,5.6455355
2023-10-30 11:00:00,7.087,7.5011773,5.8969607
2023-10-30 12:00:00,6.6133,7.678171,6.0302873
2023-10-30 13:00:00,6.79645,7.907788,6.0634713
2023-10-30 14:00:00,6.6361003,7.82846,6.290508
2023-10-30 15:00:00,6.59212,7.8297915,6.1768246
2023-10-30 16:00:00,6.47056,7.8620534,6.2660594
2023-10-30 17:00:00,10.639299,7.8729587,6.4941053
2023-10-30 18:00:00,7.7631,7.5551987,6.524731
2023-10-30 19:00:00,9.5275,7.4336586,6.193843
2023-10-30 20:00:00,9.5828,7.6688523,6.1790123
2023-10-30 21:00:00,9.6381,7.9397326,6.1866226
2023-10-30 22:00:00,9.6934,8.006314,6.213384
2023-10-30 23:00:00,7.6993,7.985463,6.499926
2023-10-31 00:00:00,7.48165,7.7513657,6.6478343
2023-10-31 01:00:00,7.264,7.581893,6.2536993
2023-10-31 02:00:00,7.04635,7.519323,6.2284026
2023-10-31 03:00:00,5.8178334,7.4964976,6.4604554
2023-10-31 04:00:00,5.2726,7.4159403,6.3494415
2023-10-31 05:00:00,7.004,7.5823693,5.9447613
2023-10-31 06:00:00,6.9074,7.643348,5.6518273
2023-10-31 07:00:00,6.9331,7.6234236,6.5411797
2023-10-31 08:00:00,6.9181,7.6393456,6.285065
2023-10-31 08:00:00,6.9181,6.9013815,7.1040754
2023-10-31 09:00:00,6.99075,6.9345565,7.0827875
2023-10-31 10:00:00,6.9857,6.9578433,6.901788
2023-10-31 11:00:00,6.9378,7.036274,7.329354
2023-10-31 12:00:00,6.929275,7.401238,7.759351
2023-10-31 13:00:00,6.9431,7.834439,8.236341
2023-10-31 14:00:00,6.912067,8.379077,8.305335
2023-10-31 15:00:00,6.9882,8.846442,9.063487
2023-10-31 16:00:00,7.0457,9.186974,9.42195
2023-10-31 17:00:00,7.158233,9.231041,9.703159
2023-10-31 18:00:00,8.0477,9.080192,9.441682
2023-10-31 19:00:00,9.36045,8.940489,9.082795
2023-10-31 20:00:00,8.9819,9.072627,9.340096
2023-10-31 21:00:00,9.2955,9.207492,9.291469
2023-10-31 22:00:00,8.81635,9.262713,9.239943
2023-10-31 23:00:00,8.3372,9.045326,9.019529
2023-11-01 00:00:00,7.380075,8.614672,8.455258
2023-11-01 01:00:00,6.9545,8.059401,7.7331223
2023-11-01 02:00:00,6.528925,7.5430245,7.369989
2023-11-01 03:00:00,7.00525,7.0494537,6.6231174
2023-11-01 04:00:00,6.9729667,6.836364,6.549157
2023-11-01 05:00:00,6.8986,6.853685,6.2850957
2023-11-01 06:00:00,6.841,6.8948307,6.421339
2023-11-01 07:00:00,6.80025,7.1694036,6.521092
2023-11-01 07:00:00,6.80025,6.897427,6.976813
2023-11-01 08:00:00,6.938,6.9829035,6.892055
2023-11-01 09:00:00,6.95925,7.0730534,7.0254283
2023-11-01 10:00:00,7.0323,7.018414,6.9406447
2023-11-01 11:00:00,7.9502997,7.152087,7.4478655
2023-11-01 12:00:00,7.0118,7.173286,6.937466
2023-11-01 13:00:00,6.70645,7.3790035,7.4019976
2023-11-01 14:00:00,6.77665,7.5347285,7.778479
2023-11-01 15:00:00,7.0084248,7.6750994,7.992068
2023-11-01 16:00:00,7.1324835,7.652194,7.9284167
2023-11-01 17:00:00,7.2834706,7.71966,7.9373837
2023-11-01 18:00:00,6.651467,7.783867,7.9420276
2023-11-01 19:00:00,8.5177,8.006727,7.858426
2023-11-01 20:00:00,8.68635,8.207102,7.834369
2023-11-01 21:00:00,8.6007,8.346916,7.751873
2023-11-01 22:00:00,8.51505,8.277845,7.5602074
2023-11-01 23:00:00,8.197066,8.1262245,7.254367
2023-11-02 00:00:00,7.3535,7.9420967,7.125581
2023-11-02 01:00:00,6.662067,7.7873664,7.173993
2023-11-02 02:00:00,5.77885,7.65246,6.5633235
2023-11-02 03:00:00,6.208625,7.6149697,6.6380067
2023-11-02 04:00:00,6.6384,7.552422,6.5453563
2023-11-02 05:00:00,6.6596003,7.433829,6.4105954
2023-11-02 06:00:00,6.6808,7.5046525,6.853848
2023-11-02 06:00:00,6.6808,6.748064,6.57649
2023-11-02 07:00:00,6.5555,6.870518,6.4781795
2023-11-02 08:00:00,6.8112,7.0217013,6.3385262
2023-11-02 09:00:00,6.8706,6.9828715,6.6511135
2023-11-02 10:00:00,6.31034,6.974813,6.7175927
2023-11-02 11:00:00,6.6001,6.9795823,7.2986155
2023-11-02 12:00:00,6.6311,7.221497,7.8303947
2023-11-02 13:00:00,6.60715,7.503202,7.925424
2023-11-02 14:00:00,6.59145,7.7771254,8.238655
2023-11-02 15:00:00,5.9471,7.8178287,8.144259
2023-11-02 16:00:00,6.4663,7.964684,7.9881606
2023-11-02 17:00:00,6.6414,8.131664,7.9422812
2023-11-02 18:00:00,8.357233,8.303979,8.079032
2023-11-02 19:00:00,10.073067,8.443455,8.472364
2023-11-02 20:00:00,10.0269,8.514128,8.4761305
2023-11-02 21:00:00,7.009,8.43269,8.297874
2023-11-02 22:00:00,6.8234,8.399462,8.365386
2023-11-02 23:00:00,8.457575,8.191523,8.36226
2023-11-03 00:00:00,8.262401,7.868617,7.978682
2023-11-03 01:00:00,8.067225,7.530643,7.6070976
2023-11-03 02:00:00,8.0928,7.2849174,7.138542
2023-11-03 03:00:00,7.9712086,7.1036263,6.997857
2023-11-03 04:00:00,7.5961747,6.9538345,7.0474625
2023-11-03 05:00:00,7.221142,7.0261574,6.9159417
2023-11-03 05:00:00,7.221142,7.6074076,7.1912403
2023-11-03 06:00:00,7.4737997,7.498676,6.7503934
2023-11-03 07:00:00,8.032666,7.311155,6.5294003
2023-11-03 08:00:00,8.3549,7.1167865,6.5897408
2023-11-03 09:00:00,8.287533,7.117637,6.8678174
2023-11-03 10:00:00,8.220167,6.972337,6.8569455
2023-11-03 11:00:00,7.6971498,7.0812984,7.2494984
2023-11-03 12:00:00,6.4747,7.168058,7.2073336
2023-11-03 13:00:00,8.13818,7.218038,7.1781077
2023-11-03 14:00:00,8.3701,7.191421,7.404676
2023-11-03 15:00:00,8.3166,7.3357234,8.008409
2023-11-03 16:00:00,8.817134,7.601192,8.250608
2023-11-03 17:00:00,11.0236,8.042355,8.364179
2023-11-03 18:00:00,11.2087,8.498494,8.376924
2023-11-03 19:00:00,11.3938,8.957143,8.926115
2023-11-03 20:00:00,9.93555,9.07524,8.890553
2023-11-03 21:00:00,7.9238,8.987688,8.505225
2023-11-03 22:00:00,4.9349,8.905883,8.177519
2023-11-03 23:00:00,5.8287,8.831385,8.09458
2023-11-04 00:00:00,6.5727997,8.677335,7.899862
2023-11-04 01:00:00,7.3169,8.615188,7.7739434
2023-11-04 02:00:00,6.9115,8.499938,7.077633
2023-11-04 03:00:00,6.8528,8.308338,7.1466885
2023-11-04 04:00:00,6.5211334,8.230535,7.157358
2023-11-04 04:00:00,6.5211334,6.788599,6.5479803
2023-11-04 05:00:00,6.71135,6.80667,6.549056
2023-11-04 06:00:00,5.704,6.788256,6.5183244
2023-11-04 07:00:00,6.4273,6.810812,6.5358677
2023-11-04 08:00:00,6.606,7.2601533,7.115715
2023-11-04 09:00:00,6.7847004,7.789729,7.450564
2023-11-04 10:00:00,6.4295497,8.367162,7.6640005
2023-11-04 11:00:00,6.4622,8.730333,7.6239343
2023-11-04 12:00:00,6.4372997,8.89574,7.9191513
2023-11-04 13:00:00,5.9444,8.935332,8.1116085
2023-11-04 14:00:00,6.4104,9.003073,8.402839
2023-11-04 15:00:00,6.4104,9.14951,8.73755
2023-11-04 16:00:00,6.4799247,9.490756,8.947883
2023-11-04 17:00:00,6.5941334,9.757012,9.2301445
2023-11-04 18:00:00,6.6552997,9.959247,9.314294
2023-11-04 19:00:00,6.867,9.890397,9.383923
2023-11-04 20:00:00,6.8529,9.428313,9.130803
2023-11-04 21:00:00,6.4622,8.680701,8.690029
2023-11-04 22:00:00,6.4013,7.9786944,8.12499
2023-11-04 23:00:00,6.5626,7.5084567,7.9026384
2023-11-05 00:00:00,6.5428,7.282689,7.8439546
2023-11-05 01:00:00,6.6354,7.1116757,7.230521
2023-11-05 02:00:00,6.5931,6.9025145,6.942852
2023-11-05 03:00:00,6.52545,6.912757,6.934997
2023-11-05 03:00:00,6.52545,6.668298,5.8018503
2023-11-05 04:00:00,6.4543,6.71791,5.764422
2023-11-05 05:00:00,6.64205,6.625072,5.826778
2023-11-05 06:00:00,6.681933,6.334277,5.9221916
2023-11-05 07:00:00,6.9201,6.3007503,6.1278396
2023-11-05 08:00:00,6.30902,6.2911043,6.101584
2023-11-05 09:00:00,6.4417996,6.602837,6.1303973
2023-11-05 10:00:00,6.57458,6.712598,6.0922513
2023-11-05 11:00:00,6.6299,6.569171,6.112075
2023-11-05 12:00:00,6.43255,6.1963773,6.317812
2023-11-05 13:00:00,6.2352004,6.071159,6.381851
2023-11-05 14:00:00,6.9575496,6.0606523,6.401579
2023-11-05 15:00:00,7.6798997,6.2086015,6.678966
2023-11-05 16:00:00,6.5502,6.414906,6.7317567
2023-11-05 17:00:00,5.4205,6.7546463,6.8445234
2023-11-05 18:00:00,6.61985,6.993482,6.77798
2023-11-05 19:00:00,6.593567,7.2146635,7.007991
2023-11-05 20:00:00,6.6946,7.2007833,7.0741434
2023-11-05 21:00:00,6.6171002,7.007036,6.8993287
2023-11-05 22:00:00,6.5396,6.9223332,6.39516
2023-11-05 23:00:00,6.6446667,7.150027,6.298116
2023-11-06 00:00:00,6.5964,7.3759046,6.164762
2023-11-06 01:00:00,6.5481334,7.4411736,6.2853103
2023-11-06 02:00:00,7.0703998,7.579032,6.184951
2023-11-06 02:00:00,7.0703998,7.086549,6.095889
2023-11-06 03:00:00,6.9532003,7.3895035,6.279213
2023-11-06 04:00:00,5.81745,7.6033025,6.5406694
2023-11-06 05:00:00,6.6186,7.515104,6.619653
2023-11-06 06:00:00,6.638,7.4310164,6.448388
2023-11-06 07:00:00,6.5564,7.172235,6.5602846
2023-11-06 08:00:00,6.6334,7.347726,6.8959475
2023-11-06 09:00:00,5.7639503,7.6437025,7.3233075
2023-11-06 10:00:00,6.6131,7.8023996,7.967753
2023-11-06 11:00:00,7.8492002,7.6637235,8.476238
2023-11-06 12:00:00,9.7888,7.6566896,8.797021
2023-11-06 13:00:00,10.003,7.7037306,8.467981
2023-11-06 14:00:00,10.0922,7.8252063,8.9199705
2023-11-06 15:00:00,10.68365,7.8519435,8.795178
2023-11-06 16:00:00,12.136867,7.939316,9.0759115
2023-11-06 17:00:00,13.590083,7.9620237,9.477663
2023-11-06 18:00:00,11.397201,8.158023,9.472695
2023-11-06 19:00:00,9.204316,8.287783,9.235371
2023-11-06 20:00:00,9.204316,8.105437,9.047105
2023-11-06 21:00:00,12.305599,7.673618,8.561179
2023-11-06 22:00:00,8.9537,7.4737997,7.8614492
2023-11-06 23:00:00,5.6018,7.4612384,7.5092273
2023-11-07 00:00:00,6.4657,7.4190044,7.624795
2023-11-07 01:00:00,6.8021,7.4998283,7.831495
2023-11-07 01:00:00,6.8021,6.2937016,7.1946383
2023-11-07 02:00:00,7.1385,6.038601,6.9317894
2023-11-07 03:00:00,6.944,5.770306,6.5694003
2023-11-07 04:00:00,6.7495,5.3469305,6.327866
2023-11-07 05:00:00,6.414,5.1283793,6.1915584
2023-11-07 06:00:00,6.4667,4.9674945,6.3652954
2023-11-07 07:00:00,6.5194,5.3216367,6.596681
2023-11-07 08:00:00,6.5721,5.916601,7.112899
2023-11-07 09:00:00,6.49255,6.6227016,7.552221
2023-11-07 10:00:00,7.6827,7.398365,8.8597355
2023-11-07 11:00:00,9.923901,8.294955,9.924019
2023-11-07 12:00:00,11.09445,9.073224,10.70024
2023-11-07 13:00:00,10.602667,9.742557,10.621839
2023-11-07 14:00:00,11.962067,10.309704,10.594464
2023-11-07 15:00:00,13.321466,10.883468,10.913427
2023-11-07 16:00:00,11.8266,11.27688,10.77369
2023-11-07 17:00:00,11.342099,11.5257015,10.878461
2023-11-07 18:00:00,10.843326,11.508745,10.832385
2023-11-07 19:00:00,10.34455,11.144278,10.558866
2023-11-07 20:00:00,11.6451,10.5648365,10.302956
2023-11-07 21:00:00,10.52225,9.92046,10.068886
2023-11-07 22:00:00,10.9958,9.091439,9.53724
2023-11-07 23:00:00,6.80155,8.204504,8.435887
2023-11-08 00:00:00,6.8501,7.6755114,7.655908
2023-11-08 00:00:00,6.8501,6.91349,6.9021406
2023-11-08 01:00:00,6.8986497,6.7247443,6.651835
2023-11-08 02:00:00,6.9044,6.602539,6.851674
2023-11-08 03:00:00,6.938683,6.383649,6.4684467
2023-11-08 04:00:00,6.8522997,6.2029824,6.307006
2023-11-08 05:00:00,6.8487,6.0911446,6.363221
2023-11-08 06:00:00,6.8775,6.3282056,6.761114
2023-11-08 07:00:00,7.2145333,6.4937167,6.933879
2023-11-08 08:00:00,7.551567,6.668331,6.9178863
2023-11-08 09:00:00,6.87015,6.9142036,7.0521493
2023-11-08 10:00:00,6.828767,7.6248927,8.658883
2023-11-08 11:00:00,6.903,8.750899,9.81479
2023-11-08 12:00:00,6.9007998,9.637193,10.519291
2023-11-08 13:00:00,7.0861,10.0172205,10.679476
2023-11-08 14:00:00,9.2946,10.237718,11.148393
2023-11-08 15:00:00,10.1543,10.354541,11.419621
2023-11-08 16:00:00,8.94405,10.392243,11.49164
2023-11-08 17:00:00,9.991349,10.288656,11.464627
2023-11-08 18:00:00,10.0833,10.081225,11.258131
2023-11-08 19:00:00,10.5836,9.896644,11.050124
2023-11-08 20:00:00,11.556675,9.858163,10.874312
2023-11-08 21:00:00,12.52975,9.6104,10.8982115
2023-11-08 22:00:00,10.8072,8.856733,9.935378
2023-11-08 23:00:00,9.08465,7.9304914,8.500357
2023-11-08 23:00:00,9.08465,10.271885,9.73877
2023-11-09 00:00:00,10.810849,9.905787,8.560758
2023-11-09 01:00:00,8.71795,9.821842,9.055854
2023-11-09 02:00:00,6.7632003,9.57857,8.649665
2023-11-09 03:00:00,6.8224,9.252979,7.868557
2023-11-09 04:00:00,6.7766,8.849953,7.873253
2023-11-09 05:00:00,6.8833,8.654147,7.5945625
2023-11-09 06:00:00,6.85395,8.292008,7.90256
2023-11-09 07:00:00,6.748,7.8509064,7.4986014
2023-11-09 08:00:00,6.6946,7.2592645,7.478034
2023-11-09 09:00:00,6.6412,6.883931,7.614002
2023-11-09 10:00:00,6.76078,7.1954994,8.000447
2023-11-09 11:00:00,6.8803596,7.902205,9.062064
2023-11-09 12:00:00,6.6919,8.354454,9.639509
2023-11-09 13:00:00,7.50646,8.60297,10.155602
2023-11-09 14:00:00,9.41345,8.857638,10.967192
2023-11-09 15:00:00,10.592154,9.234879,11.4303055
2023-11-09 16:00:00,9.390567,9.507348,11.022811
2023-11-09 17:00:00,10.147,9.772057,11.188949
2023-11-09 18:00:00,10.027451,10.059085,11.217771
2023-11-09 19:00:00,9.907901,10.415217,11.088012
2023-11-09 20:00:00,10.337866,10.867812,11.126196
2023-11-09 21:00:00,11.277901,11.1153345,10.832132
2023-11-09 22:00:00,10.672333,10.793783,10.464801
2023-11-09 22:00:00,10.672333,10.731277,11.191803
2023-11-09 23:00:00,11.6139,10.100177,10.116598
2023-11-10 00:00:00,11.812201,9.735234,9.751209
2023-11-10 01:00:00,12.7023,9.1949415,9.030452
2023-11-10 02:00:00,6.8467,8.6583395,7.619452
2023-11-10 03:00:00,6.9562,8.034736,7.084427
2023-11-10 04:00:00,6.2392,7.8181915,7.025131
2023-11-10 05:00:00,6.947,7.6867313,7.2436557
2023-11-10 06:00:00,6.947,7.6236486,7.1145115
2023-11-10 07:00:00,6.8928666,7.5409355,7.4964204
2023-11-10 08:00:00,6.841,7.33542,7.1051617
2023-11-10 09:00:00,6.896533,7.23092,7.0410285
2023-11-10 10:00:00,6.9083333,7.7241163,7.735583
2023-11-10 11:00:00,6.920133,8.358011,8.522849
2023-11-10 12:00:00,7.6377,8.890434,8.557388
2023-11-10 13:00:00,8.355267,9.308604,8.886031
2023-11-10 14:00:00,9.276224,9.935677,10.187011
2023-11-10 15:00:00,9.1815,10.5091915,10.772527
2023-11-10 16:00:00,9.086776,10.694702,10.36789
2023-11-10 17:00:00,9.7164,10.65767,10.49362
2023-11-10 18:00:00,11.3497,10.535493,10.359521
2023-11-10 19:00:00,11.2233,10.424156,10.386701
2023-11-10 20:00:00,11.10625,10.565463,10.367761
2023-11-10 21:00:00,10.545533,10.573882,10.341427
2023-11-10 21:00:00,10.545533,11.346232,11.269979
2023-11-10 22:00:00,10.466901,10.801311,11.027825
2023-11-10 23:00:00,10.076,10.314451,10.945968
2023-11-11 00:00:00,10.076,9.970752,10.601714
2023-11-11 01:00:00,9.167733,9.552745,9.389094
2023-11-11 02:00:00,9.167733,8.554817,8.107728
2023-11-11 03:00:00,9.8517,8.032749,7.715672
2023-11-11 04:00:00,6.596,7.7218895,7.858487
2023-11-11 05:00:00,6.5522003,7.5075774,7.6190734
2023-11-11 06:00:00,6.53095,7.3651032,7.1789446
2023-11-11 07:00:00,5.73535,7.20542,6.95612
2023-11-11 08:00:00,6.6742997,6.887506,6.60777
2023-11-11 09:00:00,7.61325,6.9470086,6.5779543
2023-11-11 10:00:00,6.5912004,7.4169674,6.6477537
2023-11-11 11:00:00,6.5912004,8.052539,6.7307115
2023-11-11 12:00:00,6.7052402,8.420018,6.5081587
2023-11-11 13:00:00,7.0932,8.902925,6.842707
2023-11-11 14:00:00,7.19945,9.771961,7.477519
2023-11-11 15:00:00,7.1841,10.319186,8.088593
2023-11-11 16:00:00,7.038467,10.372413,8.074127
2023-11-11 17:00:00,6.8928337,10.556774,7.8650937
2023-11-11 18:00:00,7.2321,10.688233,8.180956
2023-11-11 19:00:00,6.97645,10.860875,8.400507
2023-11-11 20:00:00,11.10625,11.081341,8.409141
2023-11-11 20:00:00,11.10625,7.8573503,6.5794663
2023-11-11 21:00:00,10.545533,7.980881,6.6022515
2023-11-11 22:00:00,10.466901,7.877858,6.4674525
2023-11-11 23:00:00,10.076,7.616555,6.3963795
2023-11-12 00:00:00,10.076,7.630655,6.511226
2023-11-12 01:00:00,9.167733,7.2247024,6.7103257
2023-11-12 02:00:00,6.55975,6.8525467,6.28722
2023-11-12 03:00:00,6.55975,6.6499825,6.123561
2023-11-12 04:00:00,6.55975,6.657279,6.4062815
2023-11-12 05:00:00,6.3803997,6.697371,6.605618
2023-11-12 06:00:00,6.81065,6.833849,6.3931975
2023-11-12 07:00:00,6.497,6.744115,6.4678564
2023-11-12 08:00:00,6.6047997,6.719786,6.43287
2023-11-12 09:00:00,6.5812,6.752137,6.38923
2023-11-12 10:00:00,6.5576,6.9339023,6.406838
2023-11-12 11:00:00,6.534,6.9852085,6.240767
2023-11-12 12:00:00,7.8773503,7.0535293,6.512402
2023-11-12 13:00:00,6.9441,7.44603,6.646313
2023-11-12 14:00:00,5.1194,7.817456,6.9270306
2023-11-12 15:00:00,6.5871,7.8529196,6.9246974
2023-11-12 16:00:00,6.8188,7.94434,7.009191
2023-11-12 17:00:00,6.8679,7.902038,6.923984
2023-11-12 18:00:00,6.1467004,7.8887205,7.0142994
2023-11-12 19:00:00,5.939033,8.107428,6.7207193
2023-11-12 19:00:00,5.939033,7.148817,6.5245757
2023-11-12 20:00:00,5.6029835,7.8644304,6.398778
2023-11-12 21:00:00,5.266933,8.282772,6.8319154
2023-11-12 22:00:00,6.6546,8.243164,7.013046
2023-11-12 23:00:00,6.6582003,8.256842,6.5179276
2023-11-13 00:00:00,6.6618,7.943714,6.494231
2023-11-13 01:00:00,6.6654,7.5778656,6.0248446
2023-11-13 02:00:00,6.5516,7.054873,6.0886736
2023-11-13 03:00:00,6.764275,6.8380666,5.997331
2023-11-13 04:00:00,6.68685,6.81631,5.869069
2023-11-13 05:00:00,6.5787,7.0353675,6.0830193
2023-11-13 06:00:00,6.4857,7.067285,6.0323505
2023-11-13 07:00:00,5.76505,6.9675922,5.9770083
2023-11-13 08:00:00,5.0443997,6.7706356,5.982986
2023-11-13 09:00:00,4.8575,6.819828,6.054848
2023-11-13 10:00:00,5.8142004,6.872353,6.1276584
2023-11-13 11:00:00,8.953134,7.0464835,6.1325088
2023-11-13 12:00:00,8.953134,7.414233,6.5096636
2023-11-13 13:00:00,9.81075,7.7769523,7.047545
2023-11-13 14:00:00,9.858,8.110499,7.097079
2023-11-13 15:00:00,10.051,8.481316,7.1779375
2023-11-13 16:00:00,8.1795,8.43182,7.1591988
2023-11-13 17:00:00,10.39905,8.230493,7.0357423
2023-11-13 18:00:00,12.5581,8.306714,6.911279
2023-11-13 18:00:00,12.5581,9.7499275,11.34274
2023-11-13 19:00:00,12.06685,9.843112,11.188151
2023-11-13 20:00:00,13.711,9.952436,10.661909
2023-11-13 21:00:00,15.35515,9.826029,11.15311
2023-11-13 22:00:00,11.749833,9.583362,10.782323
2023-11-13 23:00:00,8.144517,9.065249,9.5566635
2023-11-14 00:00:00,8.3427,8.693255,8.180054
2023-11-14 01:00:00,11.332067,8.2675,7.552698
2023-11-14 02:00:00,11.645599,7.7641277,7.032085
2023-11-14 03:00:00,11.7509,7.3727975,6.6896715
2023-11-14 04:00:00,10.901299,7.185776,6.7983537
2023-11-14 05:00:00,8.8368,7.1214714,6.496757
2023-11-14 06:00:00,6.8577003,7.18033,6.3031487
2023-11-14 07:00:00,7.6392,7.2013755,6.3363523
2023-11-14 08:00:00,7.2918997,7.270906,6.3491096
2023-11-14 09:00:00,7.8824,7.3421116,6.470797
2023-11-14 10:00:00,8.4729,7.632193,6.783418
2023-11-14 11:00:00,10.3612995,8.221181,7.075932
2023-11-14 12:00:00,11.21325,8.793811,7.8562846
2023-11-14 13:00:00,12.0652,9.334867,8.327517
2023-11-14 14:00:00,12.682567,9.97219,9.336113
2023-11-14 15:00:00,12.6858,10.342999,10.243171
2023-11-14 16:00:00,12.29125,10.437443,11.425455
2023-11-14 17:00:00,11.8967,10.642013,12.181997
2023-11-14 17:00:00,11.8967,13.716968,13.504602
2023-11-14 18:00:00,13.207833,14.7168045,13.172716
2023-11-14 19:00:00,12.06685,15.391514,13.232061
2023-11-14 20:00:00,13.711,15.619529,13.29662
2023-11-14 21:00:00,15.35515,15.2867365,13.008723
2023-11-14 22:00:00,11.749833,14.262994,12.64461
2023-11-14 23:00:00,8.144517,13.217676,11.50585
2023-11-15 00:00:00,7.4596,12.357728,11.035895
2023-11-15 01:00:00,7.3477,11.835271,10.722028
2023-11-15 02:00:00,7.0372996,11.418986,10.779103
2023-11-15 03:00:00,7.148,11.050284,10.419223
2023-11-15 04:00:00,7.3711,10.582097,9.886893
2023-11-15 05:00:00,7.2621,9.96194,9.431062
2023-11-15 06:00:00,4.6076,9.253614,8.066967
2023-11-15 07:00:00,1.9153,8.78763,8.502675
2023-11-15 08:00:00,8.82355,8.513308,8.347583
2023-11-15 09:00:00,8.701317,8.72598,8.133978
2023-11-15 10:00:00,5.3880496,9.407644,8.574074
2023-11-15 11:00:00,7.044683,10.25633,9.468315
2023-11-15 12:00:00,8.701317,10.8168,10.763203
2023-11-15 13:00:00,8.591701,11.183652,11.910585
2023-11-15 14:00:00,10.01125,11.208932,11.983401
2023-11-15 15:00:00,10.888025,11.234646,12.174607
2023-11-15 16:00:00,11.7648,11.4221945,11.779398
2023-11-15 16:00:00,11.7648,10.313612,11.097282
2023-11-15 17:00:00,11.318634,10.574812,11.801704
2023-11-15 18:00:00,11.1607,10.878023,11.886554
2023-11-15 19:00:00,10.873533,10.953362,12.274267
2023-11-15 20:00:00,12.315599,11.115608,12.168871
2023-11-15 21:00:00,9.19145,10.707595,12.1059
2023-11-15 22:00:00,10.943026,9.722211,11.393776
2023-11-15 23:00:00,12.694599,8.468052,9.998547
2023-11-16 00:00:00,12.60515,7.55991,8.490384
2023-11-16 01:00:00,12.29065,7.015788,8.233398
2023-11-16 02:00:00,12.482599,6.7977586,7.437068
2023-11-16 03:00:00,6.5845,6.5180726,7.781154
2023-11-16 04:00:00,6.7737,6.3407655,7.9732804
2023-11-16 05:00:00,6.6151,6.070842,7.1111064
2023-11-16 06:00:00,6.4565,5.63057,6.350306
2023-11-16 07:00:00,6.49525,5.3143053,6.3411636
2023-11-16 08:00:00,6.58395,5.3196845,7.276545
2023-11-16 09:00:00,6.3782,5.6330724,7.5400047
2023-11-16 10:00:00,6.4202003,6.3424416,7.4340777
2023-11-16 11:00:00,6.480767,7.3031945,8.519665
2023-11-16 12:00:00,6.5413337,8.178061,9.547244
2023-11-16 13:00:00,8.719,8.461293,9.908514
2023-11-16 14:00:00,8.7556,8.76762,10.470318
2023-11-16 15:00:00,9.1344,9.094291,11.116839
2023-11-16 15:00:00,9.1344,9.686073,11.055241
2023-11-16 16:00:00,9.237599,10.372138,11.585399
2023-11-16 17:00:00,9.340799,11.134099,11.520918
2023-11-16 18:00:00,11.38225,11.679587,11.913825
2023-11-16 19:00:00,11.621599,12.172984,11.983316
2023-11-16 20:00:00,11.4958,12.397794,11.6326275
2023-11-16 21:00:00,11.020134,12.461547,10.991552
2023-11-16 22:00:00,10.544467,12.411749,10.581942
2023-11-16 23:00:00,11.165099,12.102102,9.790315
2023-11-17 00:00:00,11.785733,11.731813,9.414636
2023-11-17 01:00:00,12.951361,11.486486,9.007284
2023-11-17 02:00:00,12.131967,10.858075,8.642908
2023-11-17 03:00:00,11.0007,10.285567,8.5201845
2023-11-17 04:00:00,9.869433,9.826836,8.146717
2023-11-17 05:00:00,6.3529,9.233685,7.7358794
2023-11-17 06:00:00,6.3862004,8.656161,7.0421286
2023-11-17 07:00:00,6.6817,8.255973,7.157944
2023-11-17 08:00:00,6.3621,8.101534,7.772855
2023-11-17 09:00:00,6.6167,7.9687004,7.324739
2023-11-17 10:00:00,6.7756,8.040633,7.459982
2023-11-17 11:00:00,6.9345,8.452295,8.1805315
2023-11-17 12:00:00,8.857866,8.768506,8.956738
2023-11-17 13:00:00,10.413099,9.0708475,9.334749
2023-11-17 14:00:00,10.727099,9.667603,10.073998
2023-11-17 14:00:00,10.727099,10.17859,8.156265
2023-11-17 15:00:00,12.44565,10.734072,8.598951
2023-11-17 16:00:00,14.1642,11.230663,8.807609
2023-11-17 17:00:00,13.147,11.973214,9.41085
2023-11-17 18:00:00,12.9945,12.89109,10.479223
2023-11-17 19:00:00,11.621599,13.359757,10.120704
2023-11-17 20:00:00,11.4958,13.434146,11.661616
2023-11-17 21:00:00,11.020134,13.386396,11.615694
2023-11-17 22:00:00,10.544467,12.933754,10.904958
2023-11-17 23:00:00,11.165099,12.235301,9.752984
2023-11-18 00:00:00,7.651,11.59305,9.553951
2023-11-18 01:00:00,6.8332,11.01277,9.691727
2023-11-18 02:00:00,5.4062996,10.552145,9.093678
2023-11-18 03:00:00,6.7179246,10.01077,8.437391
2023-11-18 04:00:00,6.7179246,9.335091,8.15988
2023-11-18 05:00:00,6.6896,8.484752,7.933785
2023-11-18 06:00:00,6.661275,7.5408144,7.2930927
2023-11-18 07:00:00,6.5852747,7.010986,6.897681
2023-11-18 08:00:00,6.3845496,7.0283847,6.9908237
2023-11-18 09:00:00,6.4271,7.3036375,6.891678
2023-11-18 10:00:00,6.46965,7.83178,7.078835
2023-11-18 11:00:00,6.7396,8.556671,7.4217954
2023-11-18 12:00:00,6.6677003,9.142732,7.515893
2023-11-18 13:00:00,6.721,9.805003,9.218297
2023-11-18 13:00:00,6.721,8.749023,8.404881
2023-11-18 14:00:00,6.4635,9.888031,7.929915
2023-11-18 15:00:00,6.4103,10.612086,7.6728783
2023-11-18 16:00:00,6.7514,10.950567,7.3012695
2023-11-18 17:00:00,6.509067,11.049725,6.962815
2023-11-18 18:00:00,6.578,10.959193,7.2671394
2023-11-18 19:00:00,6.646933,10.596439,6.462955
2023-11-18 20:00:00,6.7158666,10.191694,6.5035996
2023-11-18 21:00:00,6.7847996,9.864833,6.3475943
2023-11-18 22:00:00,6.8537335,9.443365,6.067947
2023-11-18 23:00:00,6.347,9.174163,5.9538856
2023-11-19 00:00:00,6.3283,8.648217,5.799738
2023-11-19 01:00:00,6.32335,7.788681,6.04367
2023-11-19 02:00:00,6.3184,7.0045214,6.0827637
2023-11-19 03:00:00,6.449933,6.4676876,6.221897
2023-11-19 04:00:00,6.3402996,6.1393557,6.328995
2023-11-19 05:00:00,6.3107004,5.9996343,6.6500163
2023-11-19 06:00:00,6.2811003,5.9124374,6.4067216
2023-11-19 07:00:00,5.630575,6.0893784,6.4152274
2023-11-19 08:00:00,6.2963,6.4794993,6.249671
2023-11-19 09:00:00,6.46055,6.8197885,6.074748
2023-11-19 10:00:00,6.6247997,6.922528,5.9684978
2023-11-19 11:00:00,6.2718997,7.1460037,6.3688364
2023-11-19 12:00:00,6.4261003,7.7255225,7.429218
2023-11-19 12:00:00,6.4261003,6.1394405,6.5425115
2023-11-19 13:00:00,6.4778333,6.3419695,6.2333174
2023-11-19 14:00:00,6.529567,6.4485087,6.299445
2023-11-19 15:00:00,6.5813,6.612723,6.5745983
2023-11-19 16:00:00,6.3367,6.6979265,6.710977
2023-11-19 17:00:00,6.579967,6.5210676,7.174484
2023-11-19 18:00:00,6.4168997,6.4303617,7.0989456
2023-11-19 19:00:00,6.4846,6.576922,7.305542
2023-11-19 20:00:00,6.5636,6.7638597,6.8442817
2023-11-19 21:00:00,6.4598,6.8674755,7.0316153
2023-11-19 22:00:00,6.4898,7.3588443,7.5445743
2023-11-19 23:00:00,6.4363337,7.6694803,7.562173
2023-11-20 00:00:00,6.4461,7.6771216,6.899196
2023-11-20 01:00:00,6.3971,7.697801,7.064715
2023-11-20 02:00:00,5.6149,7.562881,6.597786
2023-11-20 03:00:00,6.5616,7.255814,6.581855
2023-11-20 04:00:00,7.5083,7.0161695,6.435989
2023-11-20 05:00:00,6.3658,6.947059,6.752207
2023-11-20 06:00:00,6.3602996,6.9988065,6.786273
2023-11-20 07:00:00,6.40745,7.027764,6.359498
2023-11-20 08:00:00,6.5234504,7.163882,6.3055463
2023-11-20 09:00:00,6.4932003,7.1451488,6.8113174
2023-11-20 10:00:00,6.5794,7.061633,7.0201063
2023-11-20 11:00:00,6.4069247,7.1738424,7.4347367
2023-11-20 11:00:00,6.4069247,7.1283607,8.447683
2023-11-20 12:00:00,12.02445,7.687657,9.17934
2023-11-20 13:00:00,13.6057005,8.177782,10.292817
2023-11-20 14:00:00,12.02445,8.441509,11.331922
2023-11-20 15:00:00,10.839033,8.565809,11.20313
2023-11-20 16:00:00,13.002267,8.493677,11.666379
2023-11-20 17:00:00,15.1655,8.592674,11.475354
2023-11-20 18:00:00,15.1074,8.83509,11.733722
2023-11-20 19:00:00,14.942599,8.892169,11.371458
2023-11-20 20:00:00,14.0975,8.785507,11.472293
2023-11-20 21:00:00,12.25255,8.738442,11.36103
2023-11-20 22:00:00,11.3999,8.643085,10.442876
2023-11-20 23:00:00,10.54725,8.390315,10.829299
2023-11-21 00:00:00,11.415299,8.03959,10.519462
2023-11-21 01:00:00,12.28335,7.7489166,9.385445
2023-11-21 02:00:00,10.4287,7.44061,8.275654
2023-11-21 03:00:00,9.196549,7.2264495,7.63152
2023-11-21 04:00:00,6.9426003,7.089785,7.5921335
2023-11-21 05:00:00,6.4946003,6.9015784,6.9824557
2023-11-21 06:00:00,6.5986,6.6492605,6.6399136
2023-11-21 07:00:00,6.4059,6.658926,6.5561028
2023-11-21 08:00:00,6.5735497,6.619347,6.4005237
2023-11-21 09:00:00,6.4371,6.5442348,6.700274
2023-11-21 10:00:00,6.30065,6.7330837,6.3661094
2023-11-21 10:00:00,6.30065,7.6247563,8.407578
2023-11-21 11:00:00,6.314075,8.759606,10.066158
2023-11-21 12:00:00,6.55835,9.90668,11.823792
2023-11-21 13:00:00,6.4046,10.757015,12.934797
2023-11-21 14:00:00,13.999599,11.424765,13.280778
2023-11-21 15:00:00,13.1598,12.0103035,13.929214
2023-11-21 16:00:00,13.55435,12.69387,14.108514
2023-11-21 17:00:00,13.9489,13.423113,13.75912
2023-11-21 18:00:00,12.82025,13.85577,13.789829
2023-11-21 19:00:00,11.9237995,13.801381,13.890056
2023-11-21 20:00:00,11.18985,13.560522,13.993445
2023-11-21 21:00:00,10.559299,13.197079,13.244627
2023-11-21 22:00:00,10.453151,12.704247,12.85274
2023-11-21 23:00:00,10.347,11.88949,12.636436
2023-11-22 00:00:00,11.017,11.047906,11.712943
2023-11-22 01:00:00,10.673599,10.224562,9.848162
2023-11-22 02:00:00,8.685766,9.569717,8.923563
2023-11-22 03:00:00,6.697933,8.827571,8.850912
2023-11-22 04:00:00,6.5761,8.135816,8.381514
2023-11-22 05:00:00,6.4542665,7.4725485,8.516884
2023-11-22 06:00:00,6.62095,7.0678396,8.120767
2023-11-22 07:00:00,6.7876334,6.9067636,8.168674
2023-11-22 08:00:00,6.6309,6.8615565,8.128733
2023-11-22 09:00:00,6.4715,7.1418157,5.8679185
2023-11-22 09:00:00,6.4715,6.955786,6.212205
2023-11-22 10:00:00,6.3121,7.174882,6.67879
2023-11-22 11:00:00,6.43262,7.3124123,6.600199
2023-11-22 12:00:00,6.55314,7.536736,7.108356
2023-11-22 13:00:00,6.450933,8.06448,8.660827
2023-11-22 14:00:00,6.316,8.780347,10.601668
2023-11-22 15:00:00,14.8942,9.339531,12.0987425
2023-11-22 16:00:00,13.4157,9.900812,12.879354
2023-11-22 17:00:00,11.937201,10.213117,12.815368
2023-11-22 18:00:00,13.167366,9.986123,12.939995
2023-11-22 19:00:00,12.364934,9.705906,12.278279
2023-11-22 20:00:00,12.1776,9.433136,11.891965
2023-11-22 21:00:00,11.990267,9.299253,11.842752
2023-11-22 22:00:00,11.738299,9.278214,11.58499
2023-11-22 23:00:00,11.8938,9.116573,10.404671
2023-11-23 00:00:00,11.4484005,8.926968,10.3579035
2023-11-23 01:00:00,8.458099,8.6112995,10.002738
2023-11-23 02:00:00,6.8679,7.960813,8.563903
2023-11-23 03:00:00,6.7587004,7.431332,6.7090783
2023-11-23 04:00:00,6.6495,7.159851,6.3938036
2023-11-23 05:00:00,6.6503997,6.922295,6.3316393
2023-11-23 06:00:00,6.5493503,7.049553,6.397494
2023-11-23 07:00:00,6.4483,7.22353,6.4463577
2023-11-23 08:00:00,6.4624,7.5757256,7.035637
2023-11-23 08:00:00,6.4624,7.0234265,6.6485744
2023-11-23 09:00:00,6.5657,7.2742496,7.067892
2023-11-23 10:00:00,6.470325,7.4502378,7.1168485
2023-11-23 11:00:00,6.4006,7.649888,7.0963554
2023-11-23 12:00:00,6.40975,8.170354,7.457131
2023-11-23 13:00:00,6.366317,9.186445,8.317204
2023-11-23 14:00:00,6.4147997,10.395757,10.843551
2023-11-23 15:00:00,6.5804,11.747037,12.926605
2023-11-23 16:00:00,6.746,12.556719,13.378906
2023-11-23 17:00:00,12.1121,12.70283,13.376487
2023-11-23 18:00:00,11.9803,12.613108,13.181379
2023-11-23 19:00:00,11.600651,12.484389,12.833096
2023-11-23 20:00:00,11.8279,12.292064,12.51394
2023-11-23 21:00:00,10.01935,12.182317,12.018786
2023-11-23 22:00:00,9.1994,11.9953575,11.726282
2023-11-23 23:00:00,8.3142,11.848596,11.89036
2023-11-24 00:00:00,7.429,11.442387,11.189806
2023-11-24 01:00:00,7.1768503,10.496563,9.352659
2023-11-24 02:00:00,6.723567,9.3055,7.5931306
2023-11-24 03:00:00,6.5532002,8.358118,6.689562
2023-11-24 04:00:00,6.6071,7.6032095,6.4821568
2023-11-24 05:00:00,6.65755,7.3576074,6.191119
2023-11-24 06:00:00,6.405,7.30106,6.0220485
2023-11-24 07:00:00,4.8526,7.4925785,6.5822797
2023-11-24 07:00:00,4.8526,6.147459,6.0655336
2023-11-24 08:00:00,6.6781,6.269578,6.2397413
2023-11-24 09:00:00,6.5045,6.439465,6.283855
2023-11-24 10:00:00,6.5582666,6.7102675,6.4553914
2023-11-24 11:00:00,6.4645,7.011672,6.6604047
2023-11-24 12:00:00,6.55385,7.40942,6.6100435
2023-11-24 13:00:00,6.4887996,7.8949804,6.53296
2023-11-24 14:00:00,6.457033,8.795996,6.43356
2023-11-24 15:00:00,6.4252667,9.602173,6.9847894
2023-11-24 16:00:00,6.5900497,10.076256,6.89851
2023-11-24 17:00:00,6.5028,10.369554,7.620245
2023-11-24 18:00:00,8.3266,10.533459,7.4318447
2023-11-24 19:00:00,8.9157,10.309538,6.9627457
2023-11-24 20:00:00,8.368401,10.023371,6.710924
2023-11-24 21:00:00,8.2355995,9.654321,6.8875213
2023-11-24 22:00:00,7.6995497,9.280805,6.8698263
2023-11-24 23:00:00,7.0727,8.885539,6.9080744
2023-11-25 00:00:00,6.44585,8.36927,7.048592
2023-11-25 01:00:00,6.487,7.9055357,6.9172173
2023-11-25 02:00:00,6.805,7.2702994,6.776327
2023-11-25 03:00:00,7.123,6.5728583,6.906433
2023-11-25 04:00:00,6.47935,6.1821656,6.898391
2023-11-25 05:00:00,6.654,5.9524035,6.712131
2023-11-25 06:00:00,7.7998,6.015174,6.385795
2023-11-25 06:00:00,7.7998,6.579169,5.8373404
2023-11-25 07:00:00,6.4354,6.5959535,5.736122
2023-11-25 08:00:00,6.5516334,6.7697825,5.9065742
2023-11-25 09:00:00,6.3999,6.94951,5.8960686
2023-11-25 10:00:00,6.2481666,7.036257,6.151434
2023-11-25 11:00:00,6.096433,6.937744,6.351334
2023-11-25 12:00:00,5.99825,6.934953,5.999576
2023-11-25 13:00:00,6.5545,7.3187466,5.85955
2023-11-25 14:00:00,6.48425,7.9119368,6.0479207
2023-11-25 15:00:00,6.414,8.337101,6.1843786
2023-11-25 16:00:00,6.3767996,8.687207,6.4640756
2023-11-25 17:00:00,6.3957996,8.950427,6.49512
2023-11-25 18:00:00,6.5063,8.966325,6.589567
2023-11-25 19:00:00,7.5382004,8.911475,6.687255
2023-11-25 20:00:00,7.7439,8.799044,6.827103
2023-11-25 21:00:00,7.5596,8.538917,6.7617826
2023-11-25 22:00:00,7.3753,8.368288,6.423103
2023-11-25 23:00:00,7.5789,8.228744,6.492977
2023-11-26 00:00:00,6.8575497,8.147032,6.394655
2023-11-26 01:00:00,6.32855,7.8003774,6.646842
2023-11-26 02:00:00,6.2363,7.253854,6.316257
2023-11-26 03:00:00,6.3716497,6.851053,6.102685
2023-11-26 04:00:00,6.3227,6.6854663,6.4786468
2023-11-26 05:00:00,6.27375,6.703797,5.9112935
2023-11-26 05:00:00,6.27375,6.4935174,6.118344
2023-11-26 06:00:00,6.31565,6.5168686,5.83659
2023-11-26 07:00:00,6.3313503,6.4593616,5.872205
2023-11-26 08:00:00,6.3932996,6.3511906,5.8328724
2023-11-26 09:00:00,6.2861,6.308067,5.613712
2023-11-26 10:00:00,6.299267,6.055912,5.912252
2023-11-26 11:00:00,6.3124332,6.075055,6.0857363
2023-11-26 12:00:00,6.3922997,6.291171,5.9137306
2023-11-26 13:00:00,6.4721665,6.5759606,6.9611454
2023-11-26 14:00:00,6.3078,6.9188604,7.834822
2023-11-26 15:00:00,6.5139,7.4503613,8.589878
2023-11-26 16:00:00,6.482533,7.7262526,8.589223
2023-11-26 17:00:00,6.4986,7.9648924,9.150098
2023-11-26 18:00:00,6.514667,8.218557,9.444654
2023-11-26 19:00:00,6.395933,8.439046,9.615005
2023-11-26 20:00:00,6.2772,8.398679,9.553581
2023-11-26 21:00:00,6.3092003,8.332952,10.168922
2023-11-26 22:00:00,6.3105,8.276004,9.886589
2023-11-26 23:00:00,6.2584,8.181852,9.951532
2023-11-27 00:00:00,6.2063,7.8096232,8.969546
2023-11-27 01:00:00,6.3382998,7.389461,8.288843
2023-11-27 02:00:00,6.4702997,6.9877367,7.5359488
2023-11-27 03:00:00,6.6022997,6.5972147,7.0366626
2023-11-27 04:00:00,6.25146,6.460453,6.032832
2023-11-27 04:00:00,6.25146,6.582417,5.6671376
2023-11-27 05:00:00,5.90062,6.695844,5.3659353
2023-11-27 06:00:00,6.1796002,6.7583647,5.6364574
2023-11-27 07:00:00,6.505033,6.680757,5.6513433
2023-11-27 08:00:00,6.243433,6.8225956,5.433016
2023-11-27 09:00:00,5.9818335,6.721502,5.5601726
2023-11-27 10:00:00,6.478,6.8151183,6.354867
2023-11-27 11:00:00,6.23185,6.9341655,6.54594
2023-11-27 12:00:00,6.2829504,6.9885707,6.633603
2023-11-27 13:00:00,6.3340497,6.903264,6.9219813
2023-11-27 14:00:00,6.3514,6.9237275,6.959979
2023-11-27 15:00:00,6.302,6.904529,7.0532036
2023-11-27 16:00:00,6.2858,7.1136727,7.5919394
2023-11-27 17:00:00,6.3048,7.3786354,7.794074
2023-11-27 18:00:00,9.108833,7.6324115,7.8760414
2023-11-27 19:00:00,9.108833,7.6604643,8.133048
2023-11-27 20:00:00,9.415151,7.594738,8.1736355
2023-11-27 21:00:00,9.721467,7.503901,7.890471
2023-11-27 22:00:00,9.979434,7.4038553,7.5578637
2023-11-27 23:00:00,10.2374,7.1886044,7.621258
2023-11-28 00:00:00,6.459,7.1210103,7.2220335
2023-11-28 01:00:00,6.3891497,7.075131,6.532027
2023-11-28 02:00:00,6.3375,7.017565,6.5817733
2023-11-28 03:00:00,6.4416003,7.1352468,6.6352735
2023-11-28 03:00:00,6.4416003,6.853279,6.9787197
2023-11-28 04:00:00,6.5457,6.9550643,6.9713883
2023-11-28 05:00:00,6.4292665,6.859482,6.3978543
2023-11-28 06:00:00,6.5278997,6.355579,6.2509003
2023-11-28 07:00:00,6.5221,5.898461,6.0959916
2023-11-28 08:00:00,6.4017,5.374937,6.2160683
2023-11-28 09:00:00,6.4861665,5.327644,6.1440096
2023-11-28 10:00:00,6.4347997,5.485324,6.3016086
2023-11-28 11:00:00,6.4517665,5.8385067,6.5532026
2023-11-28 12:00:00,6.7338,6.249231,6.9694614
2023-11-28 13:00:00,6.608,6.834762,7.072273
2023-11-28 14:00:00,7.1316,7.228474,7.0876403
2023-11-28 15:00:00,6.9718,7.539031,7.0868363
2023-11-28 16:00:00,9.550967,7.8120666,7.19207
2023-11-28 17:00:00,12.130134,8.25861,7.7291503
2023-11-28 18:00:00,10.967099,8.721188,8.240832
2023-11-28 19:00:00,10.967099,9.252561,8.658164
2023-11-28 20:00:00,12.84608,9.648905,8.606261
2023-11-28 21:00:00,9.959634,9.751099,8.561289
2023-11-28 22:00:00,12.1551,9.544442,8.575412
2023-11-28 23:00:00,14.350567,9.1816225,8.300116
2023-11-29 00:00:00,16.546034,8.573808,8.068989
2023-11-29 01:00:00,18.8947,7.93601,7.814782
2023-11-29 02:00:00,18.011301,7.6806617,7.5929313
2023-11-29 02:00:00,18.011301,16.159704,10.877287
2023-11-29 03:00:00,17.412,15.444576,9.782466
2023-11-29 04:00:00,19.0327,14.823355,9.968265
2023-11-29 05:00:00,8.7047,14.032868,9.818659
2023-11-29 06:00:00,8.7448,13.417163,9.168855
2023-11-29 07:00:00,9.016,12.743227,9.372242
2023-11-29 08:00:00,8.7109,12.328965,9.024331
2023-11-29 09:00:00,8.4058,11.877602,8.921655
2023-11-29 10:00:00,8.64635,11.188434,9.144121
2023-11-29 11:00:00,8.87435,10.283996,8.441118
2023-11-29 12:00:00,9.102349,9.343116,8.691074
2023-11-29 13:00:00,11.468,8.819129,8.229326
2023-11-29 14:00:00,13.833651,9.055899,8.483179
2023-11-29 15:00:00,13.2060995,9.621191,8.526068
2023-11-29 16:00:00,13.48625,10.169051,8.863406
2023-11-29 17:00:00,13.7664,10.674624,10.171711
2023-11-29 18:00:00,15.389151,11.176708,10.260261
2023-11-29 19:00:00,14.8865,11.654973,10.208612
2023-11-29 20:00:00,15.144174,12.047367,10.308547
2023-11-29 21:00:00,15.40185,12.45435,10.639273
2023-11-29 22:00:00,15.10915,13.08289,10.454641
2023-11-29 23:00:00,14.8199005,13.787814,11.007992
2023-11-30 00:00:00,14.6671,14.468727,10.766625
2023-11-30 01:00:00,14.5461,14.92326,10.459395
2023-11-30 01:00:00,14.5461,15.202229,14.410466
2023-11-30 02:00:00,14.425099,14.739828,14.656745
2023-11-30 03:00:00,14.5273,14.04354,13.966156
2023-11-30 04:00:00,14.6645,12.812765,13.454493
2023-11-30 05:00:00,14.5474,11.31472,12.001224
2023-11-30 06:00:00,14.4303,10.295059,11.098581
2023-11-30 07:00:00,8.3397,9.949135,10.577871
2023-11-30 08:00:00,8.32845,9.76884,11.086264
2023-11-30 09:00:00,8.317201,9.781946,10.385888
2023-11-30 10:00:00,8.699599,9.878947,9.60237
2023-11-30 11:00:00,15.7137,9.882445,8.817956
2023-11-30 12:00:00,15.475,10.1976185,9.610396
2023-11-30 13:00:00,15.6759,10.701979,10.836191
2023-11-30 14:00:00,15.5115,11.222443,12.274558
2023-11-30 15:00:00,15.347099,11.688044,12.999801
2023-11-30 16:00:00,15.13745,12.386653,12.844759
2023-11-30 17:00:00,14.927799,13.193009,14.327202
2023-11-30 18:00:00,13.9357,13.783388,14.673414
2023-11-30 19:00:00,13.501849,13.792886,14.886649
2023-11-30 20:00:00,14.6011,13.476772,14.8856735
2023-11-30 21:00:00,14.6368,13.081513,14.896333
2023-11-30 22:00:00,13.488299,12.579771,15.245832
2023-11-30 23:00:00,13.326934,12.339093,15.000419
2023-12-01 00:00:00,13.009951,11.898531,14.122157
2023-12-01 00:00:00,13.009951,11.508521,14.031005
2023-12-01 01:00:00,13.2955,10.696541,13.391478
2023-12-01 02:00:00,12.5220995,10.429883,14.756389
2023-12-01 03:00:00,13.1706,10.290593,15.201591
2023-12-01 04:00:00,11.875234,10.262213,14.582567
2023-12-01 05:00:00,10.88075,10.068327,13.431078
2023-12-01 06:00:00,9.169,9.8808155,12.564624
2023-12-01 07:00:00,8.32275,9.792421,11.49718
2023-12-01 08:00:00,8.4765,9.877397,11.276226
2023-12-01 09:00:00,8.63025,10.363974,10.599503
2023-12-01 10:00:00,8.577833,10.89474,11.248267
2023-12-01 11:00:00,8.525417,11.569277,12.160912
2023-12-01 12:00:00,14.26835,12.434702,12.8745575
2023-12-01 13:00:00,9.3717,13.049216,13.602391
2023-12-01 14:00:00,9.2153,13.095812,12.714578
2023-12-01 15:00:00,14.033533,13.076934,11.931996
2023-12-01 16:00:00,14.54595,13.107547,12.388361
2023-12-01 17:00:00,12.76615,13.351874,13.228611
2023-12-01 18:00:00,10.98635,13.411294,14.4476795
2023-12-01 19:00:00,9.2381,13.43513,15.204388
2023-12-01 20:00:00,13.376599,13.378938,14.760248
2023-12-01 21:00:00,13.249901,13.066555,14.723507
2023-12-01 22:00:00,13.0782995,12.79219,13.760329
2023-12-01 23:00:00,12.7482,12.237078,12.878961
2023-12-01 23:00:00,12.7482,12.599664,12.595406
2023-12-02 00:00:00,12.591075,11.783255,11.968416
2023-12-02 01:00:00,12.43395,11.54682,12.7306385
2023-12-02 02:00:00,12.2561,11.424075,12.36679
2023-12-02 03:00:00,12.636925,11.250023,11.673133
2023-12-02 04:00:00,13.01775,11.074231,11.0024
2023-12-02 05:00:00,8.546433,10.511751,9.33153
2023-12-02 06:00:00,11.6573,9.897126,9.058555
2023-12-02 07:00:00,9.65075,9.397788,8.257692
2023-12-02 08:00:00,8.4412,9.007051,8.797645
2023-12-02 09:00:00,8.611549,8.752634,8.384521
2023-12-02 10:00:00,8.6027,8.818241,8.489203
2023-12-02 11:00:00,8.600901,9.299193,9.009157
2023-12-02 12:00:00,8.4247,9.894518,9.447697
2023-12-02 13:00:00,9.5976,10.100793,10.111715
2023-12-02 14:00:00,10.7705,10.38075,10.652547
2023-12-02 15:00:00,10.88645,10.725289,12.09789
2023-12-02 16:00:00,10.7593,11.094439,13.98109
2023-12-02 17:00:00,10.632151,11.379231,14.645675
2023-12-02 18:00:00,10.6081505,11.637091,14.777792
2023-12-02 19:00:00,10.6119,11.915416,14.507121
2023-12-02 20:00:00,10.677234,12.338827,14.939421
2023-12-02 21:00:00,10.742566,12.555932,15.387204
2023-12-02 22:00:00,10.5926,12.506318,14.497995
2023-12-02 22:00:00,10.5926,10.91709,10.148654
2023-12-02 23:00:00,10.442634,11.15021,10.03751
2023-12-03 00:00:00,10.543799,11.414984,10.468188
2023-12-03 01:00:00,10.67595,11.636681,10.581898
2023-12-03 02:00:00,10.4697,11.669125,10.050704
2023-12-03 03:00:00,10.6116,11.46088,10.214322
2023-12-03 04:00:00,10.62925,11.120355,9.981538
2023-12-03 05:00:00,10.362849,10.397514,9.483371
2023-12-03 06:00:00,10.5544,9.978073,8.747195
2023-12-03 07:00:00,10.74595,9.7018795,9.252692
2023-12-03 08:00:00,9.852366,9.447082,9.37536
2023-12-03 09:00:00,8.21585,9.399098,10.027929
2023-12-03 10:00:00,8.52,9.558407,9.432466
2023-12-03 11:00:00,8.82415,9.645339,9.73162
2023-12-03 12:00:00,8.445375,9.797785,10.235244
2023-12-03 13:00:00,8.0666,9.831347,10.200763
2023-12-03 14:00:00,8.4582,10.097582,9.8924675
2023-12-03 15:00:00,8.591,10.533789,10.186939
2023-12-03 16:00:00,8.5245,10.891642,11.416488
2023-12-03 17:00:00,8.8075,11.269921,12.484028
2023-12-03 18:00:00,9.0905,11.64152,12.316858
2023-12-03 19:00:00,8.55105,11.833213,11.993087
2023-12-03 20:00:00,8.3125,11.999281,11.827418
2023-12-03 21:00:00,8.565033,11.887999,12.93296
2023-12-03 21:00:00,8.565033,8.940254,8.645251
2023-12-03 22:00:00,8.817567,9.007965,9.062815
2023-12-03 23:00:00,8.3173,8.858267,9.135317
2023-12-04 00:00:00,8.30865,8.903938,9.056134
2023-12-04 01:00:00,8.303599,9.22402,8.739173
2023-12-04 02:00:00,8.426366,9.370948,8.896763
2023-12-04 03:00:00,8.3612995,9.483313,9.148037
2023-12-04 04:00:00,8.3267,9.408176,9.002995
2023-12-04 05:00:00,8.337167,9.360303,9.317408
2023-12-04 06:00:00,8.285333,9.321543,9.213191
2023-12-04 07:00:00,8.2335,9.066627,9.382585
2023-12-04 08:00:00,8.2335,8.629378,9.274525
2023-12-04 09:00:00,8.2681,8.38165,8.526273
2023-12-04 10:00:00,8.2753,8.372963,9.217341
2023-12-04 11:00:00,8.2825,8.789829,10.213321
2023-12-04 12:00:00,8.253375,9.043413,10.553292
2023-12-04 13:00:00,8.22425,9.004651,11.006565
2023-12-04 14:00:00,8.335099,9.066085,10.762501
2023-12-04 15:00:00,14.4234,9.186926,12.1722355
2023-12-04 16:00:00,13.6729,9.193488,12.471679
2023-12-04 17:00:00,13.7824,9.35431,13.085362
2023-12-04 18:00:00,13.8469,9.46134,11.833011
2023-12-04 19:00:00,13.2769,9.651691,12.209429
2023-12-04 20:00:00,13.200951,9.997505,13.249265
2023-12-04 20:00:00,13.200951,13.23671,14.1170845
2023-12-04 21:00:00,13.1136,13.274252,13.81542
2023-12-04 22:00:00,13.2666,12.982129,13.870926
2023-12-04 23:00:00,13.4196,12.659385,13.593653
2023-12-05 00:00:00,12.533299,12.262393,13.001242
2023-12-05 01:00:00,11.647,11.740225,12.459127
2023-12-05 02:00:00,10.8463,11.157991,11.111384
2023-12-05 03:00:00,8.8752,10.270658,10.24132
2023-12-05 04:00:00,8.786076,9.405071,9.874545
2023-12-05 05:00:00,8.786076,8.847217,9.240808
2023-12-05 06:00:00,8.668,8.58257,9.0425205
2023-12-05 07:00:00,8.710401,8.506718,9.023924
2023-12-05 08:00:00,8.7528,8.376548,8.681162
2023-12-05 09:00:00,8.6116,8.416109,8.878326
2023-12-05 10:00:00,8.583099,8.749323,8.995285
2023-12-05 11:00:00,8.57715,9.162041,9.367871
2023-12-05 12:00:00,8.669701,9.655902,9.7729025
2023-12-05 13:00:00,8.76225,10.271386,9.892841
2023-12-05 14:00:00,8.657701,11.1369505,10.472344
2023-12-05 15:00:00,7.574967,12.272543,11.784605
2023-12-05 16:00:00,8.508599,13.271641,13.103665
2023-12-05 17:00:00,8.600599,13.793157,13.036924
2023-12-05 18:00:00,8.85755,13.935894,13.42906
2023-12-05 19:00:00,8.9025,13.912895,14.20675
2023-12-05 19:00:00,8.9025,9.591375,10.185191
2023-12-05 20:00:00,8.93,10.23145,11.051489
2023-12-05 21:00:00,8.7198,10.550419,11.23637
2023-12-05 22:00:00,8.5096,10.600229,12.126544
2023-12-05 23:00:00,7.4141665,10.58318,11.936447
2023-12-06 00:00:00,7.0745,10.516246,12.14146
2023-12-06 01:00:00,7.0697002,10.41942,11.52106
2023-12-06 02:00:00,7.069,10.147144,10.627545
2023-12-06 03:00:00,7.0683,9.872912,10.188269
2023-12-06 04:00:00,7.07325,9.69098,10.044794
2023-12-06 05:00:00,7.0743,9.655636,9.675764
2023-12-06 06:00:00,7.0799,9.646291,8.960945
2023-12-06 07:00:00,7.0796003,9.353503,8.605395
2023-12-06 08:00:00,7.0745,8.787654,8.716149
2023-12-06 09:00:00,7.07575,8.353286,8.168161
2023-12-06 10:00:00,7.1133,8.047169,8.238995
2023-12-06 11:00:00,7.078,7.910213,7.950001
2023-12-06 12:00:00,7.0768,7.8414335,8.375642
2023-12-06 13:00:00,7.0773997,7.7460055,8.629625
2023-12-06 14:00:00,7.6456003,7.721203,8.9985
2023-12-06 15:00:00,7.2244,7.915837,9.368397
2023-12-06 16:00:00,6.8032002,7.8643656,10.008803
2023-12-06 17:00:00,7.2450247,7.7913976,10.744661
2023-12-06 18:00:00,7.3408,7.7878137,11.036902
2023-12-06 18:00:00,7.3408,6.6431284,8.516734
2023-12-06 19:00:00,7.3408,6.552846,8.586856
2023-12-06 20:00:00,8.4357,6.515218,8.34665
2023-12-06 21:00:00,7.2587004,6.458001,8.133694
2023-12-06 22:00:00,7.2917004,6.4920626,8.067463
2023-12-06 23:00:00,6.7977996,6.316129,7.727744
2023-12-07 00:00:00,6.7839,6.349681,7.524453
2023-12-07 01:00:00,6.7908998,6.4343634,7.23985
2023-12-07 02:00:00,6.791,6.4859657,7.2876067
2023-12-07 03:00:00,6.7911,6.484671,7.1236615
2023-12-07 04:00:00,6.7827997,6.6512065,7.2443414
2023-12-07 05:00:00,6.7948,6.7478404,7.2500496
2023-12-07 06:00:00,6.8272004,6.908763,7.607117
2023-12-07 07:00:00,6.7871003,7.118695,7.5809517
2023-12-07 08:00:00,6.747,7.282481,7.942547
2023-12-07 09:00:00,6.7899504,7.347462,7.6661
2023-12-07 10:00:00,6.7889,7.425102,7.8016205
2023-12-07 11:00:00,6.78785,7.645302,8.518141
2023-12-07 12:00:00,6.77925,7.8251996,8.913604
2023-12-07 13:00:00,6.8161,7.9058604,8.42541
2023-12-07 14:00:00,7.3154,8.247237,8.529863
2023-12-07 15:00:00,7.1347003,8.518303,9.208662
2023-12-07 16:00:00,7.01075,8.671808,9.31502
2023-12-07 17:00:00,6.8868,8.871677,9.430596
2023-12-07 17:00:00,6.8868,7.9636645,8.137795
2023-12-07 18:00:00,7.0817003,8.293452,8.18354
2023-12-07 19:00:00,7.099,8.519866,7.87067
2023-12-07 20:00:00,8.8773,8.664862,7.6389756
2023-12-07 21:00:00,9.1733,8.755496,8.129187
2023-12-07 22:00:00,7.0135,8.593309,8.068345
2023-12-07 23:00:00,6.8519,8.547534,7.851158
2023-12-08 00:00:00,6.8586,8.541819,7.8952107
2023-12-08 01:00:00,6.8582,8.509001,7.5487647
2023-12-08 02:00:00,6.8596,8.36427,7.4140015
2023-12-08 03:00:00,6.8760667,8.239166,6.7079453
2023-12-08 04:00:00,6.8925333,8.129589,6.8278584
2023-12-08 05:00:00,6.794033,8.036314,6.740781
2023-12-08 06:00:00,6.6955333,7.9302983,6.7325897
2023-12-08 07:00:00,6.795367,7.9245806,6.5651116
2023-12-08 08:00:00,6.8176003,7.778311,6.79841
2023-12-08 09:00:00,6.7918,7.668858,6.5187225
2023-12-08 10:00:00,6.766,7.70308,6.9292445
2023-12-08 11:00:00,6.8033,7.704342,7.1406965
2023-12-08 12:00:00,6.785,7.657121,7.4763107
2023-12-08 13:00:00,6.785,7.798535,7.3045745
2023-12-08 14:00:00,6.7809,7.965793,7.3212404
2023-12-08 15:00:00,6.7837996,8.056085,7.1834283
2023-12-08 16:00:00,6.7815,8.2782755,7.2319226
2023-12-08 16:00:00,6.7815,7.08494,7.453491
2023-12-08 17:00:00,6.7792,7.4138026,8.108331
2023-12-08 18:00:00,7.846467,7.552391,8.004285
2023-12-08 19:00:00,8.5048,7.656946,7.741227
2023-12-08 20:00:00,9.163134,7.8075204,7.719434
2023-12-08 21:00:00,8.5272,7.6187205,8.0028515
2023-12-08 22:00:00,8.518,7.5550094,7.5380197
2023-12-08 23:00:00,8.537267,7.417111,7.5880466
2023-12-09 00:00:00,6.8072996,7.34766,7.3505607
2023-12-09 01:00:00,6.81005,7.214593,7.71604
2023-12-09 02:00:00,6.8128,7.2120967,7.1206183
2023-12-09 03:00:00,6.8099,7.198401,6.667101
2023-12-09 04:00:00,6.8021,7.1417484,6.555387
2023-12-09 05:00:00,6.8137,7.040169,6.65086
2023-12-09 06:00:00,6.8252997,7.148961,6.529737
2023-12-09 07:00:00,6.8088503,7.0511556,6.384013
2023-12-09 08:00:00,6.8082004,6.9879503,6.486484
2023-12-09 09:00:00,6.8033,7.108778,6.631064
2023-12-09 10:00:00,6.8052998,7.320726,6.639564
2023-12-09 11:00:00,6.8056,7.4352055,6.35642
2023-12-09 12:00:00,6.8059,7.7320476,6.204079
2023-12-09 13:00:00,6.7927003,7.87004,6.505031
2023-12-09 14:00:00,6.791933,7.873027,6.6691723
2023-12-09 15:00:00,6.7802997,8.025786,7.8116827
2023-12-09 15:00:00,6.7802997,7.185656,6.5703096
2023-12-09 16:00:00,6.7802997,7.5514717,6.596671
2023-12-09 17:00:00,6.9625,7.841555,6.7250223
2023-12-09 18:00:00,7.1418,7.9961443,6.686659
2023-12-09 19:00:00,7.15585,8.2479105,6.702219
2023-12-09 20:00:00,7.1597004,8.221811,6.709978
2023-12-09 21:00:00,6.7856,8.189749,6.674994
2023-12-09 22:00:00,6.778967,8.001034,6.6199856
2023-12-09 23:00:00,6.8083997,7.7886186,6.504494
2023-12-10 00:00:00,6.8378334,7.520312,6.508735
2023-12-10 01:00:00,6.7890754,7.507163,6.518171
2023-12-10 02:00:00,6.7537003,7.5208592,6.486189
2023-12-10 03:00:00,6.7766,7.577911,6.452526
2023-12-10 04:00:00,6.7995,7.54239,6.5069013
2023-12-10 05:00:00,6.7967997,7.521445,6.5845447
2023-12-10 06:00:00,6.813,7.3378997,6.4721
2023-12-10 07:00:00,6.8292003,7.216212,6.4475
2023-12-10 08:00:00,6.8065,7.186562,6.3923597
2023-12-10 09:00:00,6.7872,7.2615247,6.551702
2023-12-10 10:00:00,6.8008,7.3767214,6.584146
2023-12-10 11:00:00,6.79526,7.6226163,6.680821
2023-12-10 12:00:00,6.78972,7.7018647,6.7417545
2023-12-10 13:00:00,6.7941003,7.6254277,6.823113
2023-12-10 14:00:00,6.77425,7.7236166,6.7625046
2023-12-10 14:00:00,6.77425,7.038864,6.645776
2023-12-10 15:00:00,6.7759004,7.105841,6.688526
2023-12-10 16:00:00,6.7775497,7.1140485,6.6440244
2023-12-10 17:00:00,6.8031497,7.0637794,6.6399736
2023-12-10 18:00:00,6.7734504,7.149501,6.6387916
2023-12-10 19:00:00,6.7764,7.0693283,6.6862035
2023-12-10 20:00:00,6.7793503,7.1820097,6.705017
2023-12-10 21:00:00,6.77905,7.1954184,6.5543323
2023-12-10 22:00:00,6.77875,7.1183147,6.3581123
2023-12-10 23:00:00,6.77845,6.9413333,6.419664
2023-12-11 00:00:00,6.7781167,6.972073,6.447427
2023-12-11 01:00:00,6.777806,7.0223737,6.469024
2023-12-11 02:00:00,6.7784,7.1875825,6.4288645
2023-12-11 03:00:00,6.772,7.369537,6.5373235
2023-12-11 04:00:00,6.770263,7.535582,6.615531
2023-12-11 05:00:00,6.7975,7.5063195,6.433342
2023-12-11 06:00:00,6.8007,7.4539666,6.5538163
2023-12-11 07:00:00,6.8039,7.416927,6.593304
2023-12-11 08:00:00,6.90485,7.371741,6.542516
2023-12-11 09:00:00,7.1362004,7.342026,6.6670847
2023-12-11 10:00:00,7.05935,7.4845433,6.725817
2023-12-11 11:00:00,6.9825,7.527515,6.742323
2023-12-11 12:00:00,9.02755,7.4552875,6.686223
2023-12-11 13:00:00,9.154401,7.567431,6.930661
2023-12-11 13:00:00,9.154401,8.531232,7.5327883
2023-12-11 14:00:00,9.3248,8.644427,7.8512397
2023-12-11 15:00:00,9.6013,8.706034,7.766917
2023-12-11 16:00:00,9.7847,8.5866,7.7574
2023-12-11 17:00:00,9.78385,8.616371,7.847238
2023-12-11 18:00:00,9.783,8.525747,7.976638
2023-12-11 19:00:00,9.249599,8.653258,7.9807734
2023-12-11 20:00:00,9.4375,8.835568,8.071917
2023-12-11 21:00:00,9.33055,8.77665,7.9639516
2023-12-11 22:00:00,9.4453335,8.4246435,7.8502665
2023-12-11 23:00:00,9.560116,8.098947,7.771697
2023-12-12 00:00:00,9.6329,7.7819066,7.5885744
2023-12-12 01:00:00,9.9036,7.7151484,7.4081454
2023-12-12 02:00:00,9.34725,7.759774,7.39631
2023-12-12 03:00:00,8.7909,7.8324847,7.17992
2023-12-12 04:00:00,9.1341,7.799441,6.98062
2023-12-12 05:00:00,9.300034,7.7716403,7.002909
2023-12-12 06:00:00,8.216701,7.7485576,6.979429
2023-12-12 07:00:00,7.15,7.677459,6.9964027
2023-12-12 08:00:00,7.5223,7.581277,6.866697
2023-12-12 09:00:00,7.7612996,7.7161584,6.9797883
2023-12-12 10:00:00,8.000299,7.9001875,7.269484
2023-12-12 11:00:00,8.482901,8.121925,7.5165854
2023-12-12 12:00:00,8.482901,8.5445385,7.7850294
2023-12-12 12:00:00,8.482901,9.000943,9.081995
2023-12-12 13:00:00,9.3367,9.356145,9.384489
2023-12-12 14:00:00,9.26595,9.562689,9.426943
2023-12-12 15:00:00,9.1952,9.5744,9.471855
2023-12-12 16:00:00,9.7812,9.694161,9.601234
2023-12-12 17:00:00,9.604567,9.755158,9.673558
2023-12-12 18:00:00,9.427934,10.012213,9.712277
2023-12-12 19:00:00,9.7702,10.311892,9.864737
2023-12-12 20:00:00,9.564401,10.474954,9.898929
2023-12-12 21:00:00,9.7172,10.364445,9.785241
2023-12-12 22:00:00,9.87,10.241427,9.638831
2023-12-12 23:00:00,9.9316,10.037464,9.713862
2023-12-13 00:00:00,9.9316,9.876182,9.518252
2023-12-13 01:00:00,9.852321,9.742598,9.662138
2023-12-13 02:00:00,9.77304,9.662427,9.5082655
2023-12-13 03:00:00,9.1052,9.505802,9.397326
2023-12-13 04:00:00,9.02255,9.373353,9.447278
2023-12-13 05:00:00,8.7533,9.153959,9.405275
2023-12-13 06:00:00,9.0023,8.837584,8.907733
2023-12-13 07:00:00,9.2513,8.460061,8.553838
2023-12-13 08:00:00,8.6228,8.27798,8.418786
2023-12-13 09:00:00,8.7832,8.192389,8.973644
2023-12-13 10:00:00,8.9436,8.17353,8.895332
2023-12-13 11:00:00,12.129701,8.401202,8.447706
2023-12-13 11:00:00,12.129701,8.902464,9.085235
2023-12-13 12:00:00,12.9897995,9.042645,9.131645
2023-12-13 13:00:00,13.8499,9.144172,9.279215
2023-12-13 14:00:00,13.6365,9.071466,9.479991
2023-12-13 15:00:00,12.8881,9.09939,9.735571
2023-12-13 16:00:00,13.479401,9.046301,9.806236
2023-12-13 17:00:00,14.070701,9.067069,9.767035
2023-12-13 18:00:00,13.28275,9.1763525,10.103084
2023-12-13 19:00:00,12.4948,9.244232,9.95388
2023-12-13 20:00:00,11.341967,9.149756,9.967051
2023-12-13 21:00:00,14.5665,9.119036,10.085535
2023-12-13 22:00:00,13.644059,9.118592,10.014621
2023-12-13 23:00:00,13.644059,9.21083,10.139882
2023-12-14 00:00:00,11.967401,9.27517,10.009716
2023-12-14 01:00:00,12.3687,9.230665,9.910796
2023-12-14 02:00:00,12.77,9.145363,9.729767
2023-12-14 03:00:00,13.1713,9.088653,9.513892
2023-12-14 04:00:00,8.558901,9.033338,9.457056
2023-12-14 05:00:00,12.256,8.979487,9.34048
2023-12-14 06:00:00,10.060901,8.91366,9.245251
2023-12-14 07:00:00,10.060901,8.862795,9.029522
2023-12-14 08:00:00,9.033833,8.842127,9.082883
2023-12-14 09:00:00,8.006766,8.84534,9.185919
2023-12-14 10:00:00,8.62724,8.947742,9.225757
2023-12-14 10:00:00,8.62724,9.307114,10.396753
2023-12-14 11:00:00,8.62724,10.018179,11.143053
2023-12-14 12:00:00,12.6886,10.607048,12.213795
2023-12-14 13:00:00,12.666651,10.964266,12.839786
2023-12-14 14:00:00,12.6447,11.1585655,12.89464
2023-12-14 15:00:00,12.62275,11.432535,13.0242815
2023-12-14 16:00:00,12.6008,11.64714,13.166928
2023-12-14 17:00:00,12.991799,11.927064,13.420826
2023-12-14 18:00:00,13.253201,12.153709,13.374644
2023-12-14 19:00:00,13.2094,12.376307,13.29961
2023-12-14 20:00:00,12.959901,12.717056,13.300984
2023-12-14 21:00:00,9.5562,13.067939,13.330687
2023-12-14 22:00:00,8.943049,13.088064,12.913583
2023-12-14 23:00:00,8.329901,12.817296,12.8766985
2023-12-15 00:00:00,8.9115,12.399703,12.674427
2023-12-15 01:00:00,8.9316,12.142562,12.429296
2023-12-15 02:00:00,8.9517,11.965864,11.9864235
2023-12-15 03:00:00,8.95905,11.598421,11.993452
2023-12-15 04:00:00,8.957049,11.130062,10.82298
2023-12-15 05:00:00,8.8957,10.774037,10.747654
2023-12-15 06:00:00,8.8612995,10.296616,10.827043
2023-12-15 07:00:00,8.880067,9.807696,10.632065
2023-12-15 08:00:00,8.9633,9.282773,9.836408
2023-12-15 09:00:00,8.954,8.880709,9.587681
2023-12-15 09:00:00,8.954,8.839953,9.380331
2023-12-15 10:00:00,8.965799,9.321737,10.097362
2023-12-15 11:00:00,8.9621,10.053099,11.099972
2023-12-15 12:00:00,8.9353,10.75522,12.067849
2023-12-15 13:00:00,8.9085,11.148635,12.311058
2023-12-15 14:00:00,7.96675,11.262033,12.233984
2023-12-15 15:00:00,9.298201,11.137719,12.274696
2023-12-15 16:00:00,9.0022335,11.117911,12.5716095
2023-12-15 17:00:00,8.706266,10.979064,11.938363
2023-12-15 18:00:00,8.4103,10.708672,12.002544
2023-12-15 19:00:00,9.40138,10.507013,11.632515
2023-12-15 20:00:00,10.39246,10.277671,11.154147
2023-12-15 21:00:00,11.5316,9.972044,10.820485
2023-12-15 22:00:00,8.9227,9.5509405,10.437624
2023-12-15 23:00:00,8.370151,8.844779,9.768163
2023-12-16 00:00:00,8.0541,8.309264,8.9244
2023-12-16 01:00:00,8.3095,8.103867,9.347887
2023-12-16 02:00:00,8.5649,8.00695,9.317406
2023-12-16 03:00:00,8.8203,8.049572,8.808188
2023-12-16 04:00:00,8.7921,8.161131,8.42452
2023-12-16 05:00:00,8.4682,8.247942,8.140416
2023-12-16 06:00:00,8.5249,8.407367,8.1993685
2023-12-16 07:00:00,8.565467,8.541006,8.377294
2023-12-16 08:00:00,8.606033,8.735537,8.651271
2023-12-16 08:00:00,8.606033,8.495284,8.25992
2023-12-16 09:00:00,8.449934,8.477911,8.393058
2023-12-16 10:00:00,8.586599,8.688583,8.314486
2023-12-16 11:00:00,8.6665,9.096598,8.470328
2023-12-16 12:00:00,8.496799,9.412543,8.61034
2023-12-16 13:00:00,7.0517,9.48487,9.107358
2023-12-16 14:00:00,8.8628,9.29051,9.760387
2023-12-16 15:00:00,8.5185,9.337181,10.521698
2023-12-16 16:00:00,8.3332,9.479535,11.086477
2023-12-16 17:00:00,8.49125,9.573308,11.971349
2023-12-16 18:00:00,8.3605,9.835933,11.746952
2023-12-16 19:00:00,8.5432005,10.098982,11.032421
2023-12-16 20:00:00,8.775901,10.267226,11.33179
2023-12-16 21:00:00,8.751599,10.404094,11.846913
2023-12-16 22:00:00,7.71175,10.221199,11.624128
2023-12-16 23:00:00,8.8115,9.915271,11.318716
2023-12-17 00:00:00,8.2456,9.673853,10.923435
2023-12-17 01:00:00,8.2937,9.602956,10.544295
2023-12-17 02:00:00,8.3418,9.690151,9.971375
2023-12-17 03:00:00,8.3574,9.688557,9.630486
2023-12-17 04:00:00,8.3499,9.505923,8.734744
2023-12-17 05:00:00,8.342401,9.378096,8.549851
2023-12-17 06:00:00,8.30375,9.201181,8.574754
2023-12-17 07:00:00,8.329901,9.032692,8.704405
2023-12-17 07:00:00,8.329901,8.116156,8.066485
2023-12-17 08:00:00,8.3169,8.006257,8.079035
2023-12-17 09:00:00,8.2888,8.037493,8.146136
2023-12-17 10:00:00,8.301,8.439424,8.661209
2023-12-17 11:00:00,8.353766,8.964756,8.569473
2023-12-17 12:00:00,8.3325,9.259782,8.8694
2023-12-17 13:00:00,8.3112335,9.335785,8.561086
2023-12-17 14:00:00,8.37525,9.36812,8.914236
2023-12-17 15:00:00,7.5366497,9.394825,9.459719
2023-12-17 16:00:00,8.2616,9.461627,9.1685505
2023-12-17 17:00:00,8.321349,9.55027,9.615656
2023-12-17 18:00:00,8.3811,9.589316,9.654907
2023-12-17 19:00:00,8.27515,9.564417,9.902085
2023-12-17 20:00:00,8.3438,9.54142,9.493767
2023-12-17 21:00:00,8.307333,9.447287,8.828599
2023-12-17 22:00:00,8.270866,9.03027,8.920891
2023-12-17 23:00:00,7.8949,8.531723,8.210944
2023-12-18 00:00:00,8.534866,8.203786,8.166396
2023-12-18 01:00:00,8.47155,8.19591,8.317582
2023-12-18 02:00:00,8.3666,8.242712,8.059051
2023-12-18 03:00:00,8.3241,8.279454,8.488928
2023-12-18 04:00:00,8.2816,8.240948,8.537698
2023-12-18 05:00:00,8.377951,8.214047,8.517345
2023-12-18 06:00:00,8.474299,8.161216,8.289936
2023-12-18 06:00:00,8.474299,8.543806,8.618885
2023-12-18 07:00:00,8.314401,8.506359,8.353028
2023-12-18 08:00:00,8.3139,8.337586,8.515237
2023-12-18 09:00:00,8.34485,8.327122,8.706792
2023-12-18 10:00:00,8.3935,8.481781,9.323439
2023-12-18 11:00:00,8.5026,8.542576,9.73253
2023-12-18 12:00:00,8.6117,8.640077,9.846082
2023-12-18 13:00:00,8.699201,8.681643,10.40019
2023-12-18 14:00:00,8.323099,8.688907,10.187606
2023-12-18 15:00:00,7.947,8.673287,10.793508
2023-12-18 16:00:00,9.7885,8.75203,11.05595
2023-12-18 17:00:00,10.23005,8.79951,10.930595
2023-12-18 18:00:00,10.369125,8.822895,11.059071
2023-12-18 19:00:00,11.4526,8.912419,10.760683
2023-12-18 20:00:00,12.536076,9.046244,10.403436
2023-12-18 21:00:00,13.8933,8.915253,9.649668
2023-12-18 22:00:00,14.495049,8.609616,8.783908
2023-12-18 23:00:00,15.49875,8.3887205,8.286039
2023-12-19 00:00:00,16.6786,8.371223,7.9068995
2023-12-19 01:00:00,15.7625,8.359027,8.031282
2023-12-19 02:00:00,14.8464,8.487666,8.070119
2023-12-19 03:00:00,15.010175,8.554153,8.203513
2023-12-19 04:00:00,14.229349,8.55009,8.056359
2023-12-19 05:00:00,6.7947,8.615324,8.310941
2023-12-19 05:00:00,6.7947,13.57506,11.39755
2023-12-19 06:00:00,6.6549,13.064457,10.130307
2023-12-19 07:00:00,6.8007,12.446697,10.017473
2023-12-19 08:00:00,6.9465,11.703543,9.928601
2023-12-19 09:00:00,6.9465,10.969571,9.603326
2023-12-19 10:00:00,6.9439,10.352417,9.806548
2023-12-19 11:00:00,7.0196,9.999368,9.553496
2023-12-19 12:00:00,7.832433,9.675755,9.467917
2023-12-19 13:00:00,8.797299,9.473783,9.743782
2023-12-19 14:00:00,8.812099,9.500914,9.5890875
2023-12-19 15:00:00,8.871201,9.760312,9.613664
2023-12-19 16:00:00,10.4718,10.314436,9.457718
2023-12-19 17:00:00,9.19845,10.959338,10.062145
2023-12-19 18:00:00,9.241799,11.6213255,9.969895
2023-12-19 19:00:00,9.285151,12.286635,10.5620165
2023-12-19 20:00:00,9.5817,12.991725,11.041319
2023-12-19 21:00:00,7.5434,13.650363,11.180282
2023-12-19 22:00:00,7.0408998,14.154237,11.169264
2023-12-19 23:00:00,7.0413,14.539545,11.109879
2023-12-20 00:00:00,7.0417004,14.82912,11.497052
2023-12-20 01:00:00,7.0451,14.924184,11.131212
2023-12-20 02:00:00,7.1535,14.810363,11.303574
2023-12-20 03:00:00,7.2619,14.504688,11.319854
2023-12-20 04:00:00,7.0536666,13.926297,10.405122
2023-12-20 04:00:00,7.0536666,6.317078,6.2515845
2023-12-20 05:00:00,6.845433,5.5466437,6.361137
2023-12-20 06:00:00,7.0571003,5.2517204,6.1905165
2023-12-20 07:00:00,7.05825,5.3494334,6.335651
2023-12-20 08:00:00,7.0667,5.69346,6.259143
2023-12-20 09:00:00,7.07515,6.1750507,6.5636687
2023-12-20 10:00:00,7.0589333,6.738033,8.100455
2023-12-20 11:00:00,7.042717,7.181117,7.7763567
2023-12-20 12:00:00,7.0579,7.516262,7.1330748
2023-12-20 13:00:00,7.0579,7.7276855,7.900946
2023-12-20 14:00:00,7.0446,7.7708545,7.3740807
2023-12-20 15:00:00,13.161401,7.904589,7.198497
2023-12-20 16:00:00,13.3647,8.294539,7.5664334
2023-12-20 17:00:00,12.7328,8.543822,7.984111
2023-12-20 18:00:00,12.334,8.417225,8.433893
2023-12-20 19:00:00,11.9352,8.021991,8.146664
2023-12-20 20:00:00,12.159901,7.432191,8.366964
2023-12-20 21:00:00,12.3846,6.825215,7.6597495
2023-12-20 22:00:00,11.649799,6.244968,7.2457895
2023-12-20 23:00:00,11.536799,5.8123155,7.8086643
2023-12-21 00:00:00,11.4758,5.657817,8.285857
2023-12-21 01:00:00,11.5151,5.5910063,8.558432
2023-12-21 02:00:00,9.3473,5.6198525,8.57116
2023-12-21 03:00:00,8.9785,5.723006,9.30226
2023-12-21 03:00:00,8.9785,8.999575,8.4579525
2023-12-21 04:00:00,8.4567995,8.383375,7.8445745
2023-12-21 05:00:00,7.9351,7.967971,7.4888124
2023-12-21 06:00:00,8.311967,7.8302174,7.516222
2023-12-21 07:00:00,8.688833,7.952519,7.623462
2023-12-21 08:00:00,8.318833,8.032174,8.105183
2023-12-21 09:00:00,7.9488335,8.299787,8.119377
2023-12-21 10:00:00,8.1316,8.405466,8.50742
2023-12-21 11:00:00,8.238033,8.558025,8.651014
2023-12-21 12:00:00,8.220401,8.813759,8.362815
2023-12-21 13:00:00,8.2654,9.245616,8.791568
2023-12-21 14:00:00,8.3174,9.984021,10.049624
2023-12-21 15:00:00,11.2029,10.970189,10.830713
2023-12-21 16:00:00,11.2029,11.87305,11.945055
2023-12-21 17:00:00,11.1134,12.614952,12.859212
2023-12-21 18:00:00,11.0239,13.020486,12.981361
2023-12-21 19:00:00,11.272533,13.290067,12.669589
2023-12-21 20:00:00,11.521167,13.502892,12.230269
2023-12-21 21:00:00,11.7698,13.615354,11.831365
2023-12-21 22:00:00,11.12975,13.679622,11.861662
2023-12-21 23:00:00,8.4375,13.732713,11.7533
2023-12-22 00:00:00,9.80675,13.617986,12.049413
2023-12-22 01:00:00,11.176,13.207507,11.577384
2023-12-22 02:00:00,10.8466,12.517024,11.030077
2023-12-22 02:00:00,10.8466,10.200026,9.409417
2023-12-22 03:00:00,9.0643,9.4987335,8.390525
2023-12-22 04:00:00,8.333651,8.838895,7.62602
2023-12-22 05:00:00,8.31405,8.291828,7.3222103
2023-12-22 06:00:00,8.31405,8.188188,7.73816
2023-12-22 07:00:00,7.7493,8.213991,6.792866
2023-12-22 08:00:00,7.7493,8.410573,6.8004727
2023-12-22 09:00:00,8.57645,8.54977,7.43896
2023-12-22 10:00:00,8.4156,8.640448,7.713366
2023-12-22 11:00:00,8.25475,8.687832,7.850471
2023-12-22 12:00:00,8.0939,8.567186,7.395849
2023-12-22 13:00:00,8.220201,8.630576,7.816893
2023-12-22 14:00:00,8.3465,9.079957,7.9222336
2023-12-22 15:00:00,7.277933,9.635281,8.748291
2023-12-22 16:00:00,7.277933,10.075999,9.036691
2023-12-22 17:00:00,11.6333,10.13095,9.633226
2023-12-22 18:00:00,11.5343,10.039548,9.508791
2023-12-22 19:00:00,11.562901,9.8941,9.898944
2023-12-22 20:00:00,11.7386,9.70557,10.3701315
2023-12-22 21:00:00,11.82215,9.491297,9.981931
2023-12-22 22:00:00,11.324201,9.291076,9.108617
2023-12-22 23:00:00,10.08155,9.265264,8.845888
2023-12-23 00:00:00,8.838901,9.313547,8.972217
2023-12-23 01:00:00,8.698299,9.236931,9.106417
2023-12-23 01:00:00,8.698299,9.618059,8.806817
2023-12-23 02:00:00,8.5577,9.512718,8.649239
2023-12-23 03:00:00,8.841,9.007283,8.835129
2023-12-23 04:00:00,9.1243,8.20147,8.6533575
2023-12-23 05:00:00,8.31445,7.3781967,8.271231
2023-12-23 06:00:00,8.3569,6.7478395,7.8022146
2023-12-23 07:00:00,8.312,6.5946827,7.6280127
2023-12-23 08:00:00,8.267099,6.398657,7.208302
2023-12-23 09:00:00,8.2222,6.5177264,7.4339476
2023-12-23 10:00:00,8.22126,6.824498,7.558619
2023-12-23 11:00:00,8.220321,7.252688,7.437649
2023-12-23 12:00:00,8.241734,7.59828,7.5045047
2023-12-23 13:00:00,8.263146,7.7956357,7.5079393
2023-12-23 14:00:00,8.25815,8.190858,8.348941
2023-12-23 15:00:00,8.253153,9.0813265,7.2072453
2023-12-23 16:00:00,8.08045,10.033355,7.473916
2023-12-23 17:00:00,8.26465,10.97123,8.034243
2023-12-23 18:00:00,8.44885,11.714236,7.796195
2023-12-23 19:00:00,9.7089,12.048112,7.8551583
2023-12-23 20:00:00,9.7107,12.112374,7.2723145
2023-12-23 21:00:00,9.7125,12.056526,7.58092
2023-12-23 22:00:00,9.658151,11.752941,7.641275
2023-12-23 23:00:00,6.7812004,11.388076,7.5629253
2023-12-24 00:00:00,6.7812004,11.131318,7.5900855
2023-12-24 00:00:00,6.7812004,7.6679664,8.208839
2023-12-24 01:00:00,9.170401,7.884405,8.311647
2023-12-24 02:00:00,8.327667,7.9899254,8.059534
2023-12-24 03:00:00,8.327667,7.8503203,7.6746206
2023-12-24 04:00:00,8.284849,7.7603483,7.3943715
2023-12-24 05:00:00,8.2655,7.431463,7.3233595
2023-12-24 06:00:00,8.24615,7.3636894,7.1745367
2023-12-24 07:00:00,8.24615,7.2214694,7.414076
2023-12-24 08:00:00,8.2745,7.119606,7.247049
2023-12-24 09:00:00,8.2745,7.2901,7.4340987
2023-12-24 10:00:00,8.199,7.754831,7.74747
2023-12-24 11:00:00,8.32965,8.182497,7.8903933
2023-12-24 12:00:00,8.241401,8.404837,8.041009
2023-12-24 13:00:00,8.15315,8.363856,8.127602
2023-12-24 14:00:00,7.8361,8.467441,8.945757
2023-12-24 15:00:00,8.213467,8.670579,9.93483
2023-12-24 16:00:00,8.188833,8.922451,10.026614
2023-12-24 17:00:00,8.1642,9.233405,10.381241
2023-12-24 18:00:00,8.3722,9.365935,10.711803
2023-12-24 19:00:00,8.192201,9.355544,11.234502
2023-12-24 20:00:00,8.2879,9.415701,11.391932
2023-12-24 21:00:00,8.1498995,9.264859,11.008739
2023-12-24 22:00:00,8.0119,8.759667,10.68932
2023-12-24 23:00:00,8.1868,8.237609,10.146253
2023-12-24 23:00:00,8.1868,7.7887583,7.680518
2023-12-25 00:00:00,6.699,7.869711,7.6493444
2023-12-25 01:00:00,8.18775,8.151,8.275157
2023-12-25 02:00:00,8.198099,8.180927,7.8839817
2023-12-25 03:00:00,8.20845,8.227842,7.7557
2023-12-25 04:00:00,8.1844,8.067258,7.622473
2023-12-25 05:00:00,8.182967,8.049669,7.508954
2023-12-25 06:00:00,8.374901,8.001334,7.382418
2023-12-25 07:00:00,7.8284,7.9733257,7.498038
2023-12-25 08:00:00,7.8284,7.9383974,7.8864317
2023-12-25 09:00:00,7.8284,8.06153,7.7646513
2023-12-25 10:00:00,8.1366005,8.237342,7.8065395
2023-12-25 11:00:00,8.1366005,8.469728,7.808995
2023-12-25 12:00:00,8.27755,8.499345,7.987798
2023-12-25 13:00:00,8.27755,8.529551,8.338126
2023-12-25 14:00:00,8.208799,8.553644,8.545435
2023-12-25 15:00:00,8.223366,8.751449,9.411083
2023-12-25 16:00:00,8.2165,9.050472,10.244629
2023-12-25 17:00:00,8.209634,9.279696,10.754954
2023-12-25 18:00:00,8.1977005,9.385759,10.993302
2023-12-25 19:00:00,8.2048,9.538732,11.075893
2023-12-25 20:00:00,8.6178,9.6209345,11.146791
2023-12-25 21:00:00,8.40145,9.534953,10.795521
2023-12-25 22:00:00,8.185101,9.351384,10.427103
2023-12-25 22:00:00,8.185101,8.393053,8.547179
2023-12-25 23:00:00,8.3548,8.134069,8.511028
2023-12-26 00:00:00,8.201099,8.136265,8.433463
2023-12-26 01:00:00,8.0473995,8.351503,8.5927
2023-12-26 02:00:00,7.8937,8.526094,8.594803
2023-12-26 03:00:00,8.2168,8.425405,8.527494
2023-12-26 04:00:00,8.2351,8.39989,8.244633
2023-12-26 05:00:00,8.253401,8.2326,8.042143
2023-12-26 06:00:00,8.232433,8.109442,7.722385
2023-12-26 07:00:00,8.211467,7.976689,7.645301
2023-12-26 08:00:00,8.2542,7.9753075,7.677912
2023-12-26 09:00:00,8.296933,8.061207,7.8563876
2023-12-26 10:00:00,8.256599,8.329292,7.849377
2023-12-26 11:00:00,8.191,8.595939,8.01568
2023-12-26 12:00:00,8.2248,8.73546,8.0525875
2023-12-26 13:00:00,8.2676,8.531028,7.8500643
2023-12-26 14:00:00,8.27685,8.406201,7.9574265
2023-12-26 15:00:00,8.220901,8.464028,8.182354
2023-12-26 16:00:00,8.207951,8.644525,8.643136
2023-12-26 17:00:00,8.195,8.870466,9.482806
2023-12-26 18:00:00,8.18205,9.15264,9.958841
2023-12-26 19:00:00,8.0959,9.331973,9.986363
2023-12-26 20:00:00,8.388,9.312885,10.010087
2023-12-26 21:00:00,9.3884,9.286107,10.432255
2023-12-26 21:00:00,9.3884,8.620681,8.188051
2023-12-26 22:00:00,10.3888,8.552942,8.194282
2023-12-26 23:00:00,9.874134,8.29195,8.230117
2023-12-27 00:00:00,8.12485,8.0927515,8.275582
2023-12-27 01:00:00,8.0885,8.172276,8.117316
2023-12-27 02:00:00,8.1256,8.162303,8.343499
2023-12-27 03:00:00,8.162701,8.298259,8.10323
2023-12-27 04:00:00,7.4247003,8.402175,7.9819384
2023-12-27 05:00:00,6.6949,8.434123,7.767355
2023-12-27 06:00:00,6.6986003,8.344395,7.7813435
2023-12-27 07:00:00,8.23775,8.286506,7.825677
2023-12-27 08:00:00,8.1539,8.227855,7.6874757
2023-12-27 09:00:00,8.1666,8.29214,7.6648827
2023-12-27 10:00:00,8.0791,8.480138,7.8241644
2023-12-27 11:00:00,7.9916,8.795645,8.112024
2023-12-27 12:00:00,8.1335,8.907796,7.9506764
2023-12-27 13:00:00,6.7163997,8.868588,8.031836
2023-12-27 14:00:00,6.7173,8.841385,8.103949
2023-12-27 15:00:00,6.7182,8.78771,8.100557
2023-12-27 16:00:00,8.076799,8.710811,8.089566
2023-12-27 17:00:00,8.1766,8.786566,8.120153
2023-12-27 18:00:00,8.216599,8.880528,8.353817
2023-12-27 19:00:00,8.8539505,8.9514885,8.779496
2023-12-27 20:00:00,9.4972,9.109986,8.96903
2023-12-27 20:00:00,9.4972,8.886441,8.324716
2023-12-27 21:00:00,10.1404505,9.040259,8.642129
2023-12-27 22:00:00,9.40015,9.047899,8.723955
2023-12-27 23:00:00,8.6265,8.774596,8.801579
2023-12-28 00:00:00,7.85285,8.6846695,8.738798
2023-12-28 01:00:00,8.159201,8.635355,8.692339
2023-12-28 02:00:00,8.465549,8.68111,8.824583
2023-12-28 03:00:00,8.2727,8.619797,8.512034
2023-12-28 04:00:00,8.07985,8.447807,8.344842
2023-12-28 05:00:00,8.07985,8.193468,8.14989
2023-12-28 06:00:00,8.10875,8.063971,8.069066
2023-12-28 07:00:00,8.179299,7.9589567,8.139854
2023-12-28 08:00:00,8.249849,7.9209094,8.302552
2023-12-28 09:00:00,8.1211,7.949226,8.292087
2023-12-28 10:00:00,8.240049,8.089828,7.9858336
2023-12-28 11:00:00,8.1153,8.199771,7.8288693
2023-12-28 12:00:00,8.264299,8.234095,7.819809
2023-12-28 13:00:00,8.1861,8.159664,7.7366705
2023-12-28 14:00:00,8.1079,8.080133,7.791868
2023-12-28 15:00:00,8.1265,8.092989,7.734757
2023-12-28 16:00:00,8.1726,8.344231,8.220095
2023-12-28 17:00:00,8.2187,8.53021,8.390929
2023-12-28 18:00:00,8.564151,8.641614,8.478086
2023-12-28 19:00:00,8.909599,8.852387,8.68546
2023-12-28 19:00:00,8.909599,8.806561,8.754042
2023-12-28 20:00:00,8.721,9.014328,9.019463
2023-12-28 21:00:00,8.5324,9.147988,9.144091
2023-12-28 22:00:00,9.940701,9.001506,9.080526
2023-12-28 23:00:00,10.0817995,8.818862,8.977867
2023-12-29 00:00:00,10.08245,8.526168,8.881182
2023-12-29 01:00:00,10.7026,8.581036,9.038945
2023-12-29 02:00:00,11.32275,8.739772,9.149505
2023-12-29 03:00:00,8.272201,8.801168,9.057378
2023-12-29 04:00:00,8.1523,8.691118,8.6939335
2023-12-29 05:00:00,8.0324,8.65797,8.313943
2023-12-29 06:00:00,6.7287,8.625779,8.154464
2023-12-29 07:00:00,8.0925,8.656395,8.152317
2023-12-29 08:00:00,8.260099,8.663888,8.304525
2023-12-29 09:00:00,8.1514,8.688465,7.995173
2023-12-29 10:00:00,8.2351,8.721883,7.704175
2023-12-29 11:00:00,8.3188,8.871628,8.005531
2023-12-29 12:00:00,8.1053505,9.02321,8.383496
2023-12-29 13:00:00,7.9799,8.955827,8.243153
2023-12-29 14:00:00,8.1546,8.771249,7.972906
2023-12-29 15:00:00,8.183701,8.750766,7.8871975
2023-12-29 16:00:00,8.1898,8.773214,8.288827
2023-12-29 17:00:00,8.1959,8.803301,8.117526
2023-12-29 18:00:00,9.804,8.92151,7.9159207
2023-12-29 18:00:00,9.804,8.854525,8.759799
2023-12-29 19:00:00,9.804,9.136961,8.933019
2023-12-29 20:00:00,9.804,9.34101,9.107914
2023-12-29 21:00:00,10.78358,9.416667,9.120031
2023-12-29 22:00:00,11.76316,9.504376,9.064136
2023-12-29 23:00:00,11.3453,9.36431,9.032366
2023-12-30 00:00:00,11.25005,9.308077,8.987956
2023-12-30 01:00:00,11.32915,9.345257,8.985747
2023-12-30 02:00:00,11.40825,9.309906,8.873879
2023-12-30 03:00:00,8.4386,9.04119,8.51844
2023-12-30 04:00:00,8.4386,8.829295,8.193554
2023-12-30 05:00:00,8.4386,8.610292,8.120915
2023-12-30 06:00:00,8.1832,8.494757,8.135148
2023-12-30 07:00:00,7.9277997,8.451471,8.051485
2023-12-30 08:00:00,8.1656,8.4119835,8.009599
2023-12-30 09:00:00,8.2283,8.288146,7.8930793
2023-12-30 10:00:00,8.291,8.246553,7.948386
2023-12-30 11:00:00,8.0813,8.292029,8.129433
2023-12-30 12:00:00,7.8716,8.324033,8.067329
2023-12-30 13:00:00,7.196367,8.235446,7.9542274
2023-12-30 14:00:00,8.13075,8.278257,7.737495
2023-12-30 15:00:00,8.13075,8.39418,7.840268
2023-12-30 16:00:00,8.4916,8.512383,7.979582
2023-12-30 17:00:00,8.85245,8.728607,8.000005
